Real,Prediccion,Riesgo
4.08333333333333,4.8157926,BAJO (Bueno)
45.4166666666667,47.57351,ALTO (Dañino Sensible)
8.66666666666667,9.741724,BAJO (Bueno)
33.75,35.79315,ALTO (Dañino Sensible)
21.9166666666667,23.327477,MEDIO (Moderado)
5.91666666666667,3.6282809,BAJO (Bueno)
0.0,1.1979561,BAJO (Bueno)
3.25,3.8207839,BAJO (Bueno)
25.4166666666667,27.206528,MEDIO (Moderado)
3.75,4.753413,BAJO (Bueno)
3.83333333333333,4.5270443,BAJO (Bueno)
28.9166666666667,31.230553,MEDIO (Moderado)
14.249999999999998,14.311907,MEDIO (Moderado)
75.3333333333333,75.43836,MUY ALTO (Dañino)
51.25,52.76634,ALTO (Dañino Sensible)
68.8333333333333,69.58231,MUY ALTO (Dañino)
0.0,1.9965236,BAJO (Bueno)
44.8333333333333,47.14897,ALTO (Dañino Sensible)
15.4166666666667,16.348736,MEDIO (Moderado)
0.0,1.5165964,BAJO (Bueno)
4.25,5.9499564,BAJO (Bueno)
0.0,1.2899866,BAJO (Bueno)
22.0,22.264885,MEDIO (Moderado)
0.0,1.4955579,BAJO (Bueno)
34.8333333333333,35.559082,ALTO (Dañino Sensible)
3.9166666666666696,5.2665715,BAJO (Bueno)
9.75,9.802755,BAJO (Bueno)
0.0,1.2740368,BAJO (Bueno)
42.0,43.98035,ALTO (Dañino Sensible)
2.08333333333333,2.8916423,BAJO (Bueno)
21.75,22.352875,MEDIO (Moderado)
0.0,1.8486544,BAJO (Bueno)
2.58333333333333,4.280337,BAJO (Bueno)
23.083333333333304,24.265533,MEDIO (Moderado)
22.4166666666667,23.31722,MEDIO (Moderado)
11.0833333333333,11.590549,BAJO (Bueno)
11.3333333333333,11.031117,BAJO (Bueno)
28.0833333333333,29.418945,MEDIO (Moderado)
2.33333333333333,3.8995628,BAJO (Bueno)
79.5,79.606674,MUY ALTO (Dañino)
37.5833333333333,39.11817,ALTO (Dañino Sensible)
15.3333333333333,15.237017,MEDIO (Moderado)
23.083333333333304,24.411575,MEDIO (Moderado)
52.3333333333333,53.81144,ALTO (Dañino Sensible)
76.25,75.2716,MUY ALTO (Dañino)
1.7499999999999998,3.6022885,BAJO (Bueno)
3.16666666666667,3.9981024,BAJO (Bueno)
4.0,5.0869274,BAJO (Bueno)
22.8333333333333,23.683699,MEDIO (Moderado)
2.41666666666667,4.1284523,BAJO (Bueno)
4.5,5.6575227,BAJO (Bueno)
1.08333333333333,1.6566256,BAJO (Bueno)
25.1666666666667,27.119856,MEDIO (Moderado)
3.75,4.5865755,BAJO (Bueno)
7.83333333333333,7.997832,BAJO (Bueno)
25.75,27.608284,MEDIO (Moderado)
3.4999999999999996,5.1189017,BAJO (Bueno)
80.3333333333333,79.25765,MUY ALTO (Dañino)
19.5,19.922537,MEDIO (Moderado)
3.41666666666667,4.820756,BAJO (Bueno)
2.58333333333333,3.350678,BAJO (Bueno)
15.3333333333333,14.964603,MEDIO (Moderado)
18.0,18.851763,MEDIO (Moderado)
60.6666666666667,61.08751,MUY ALTO (Dañino)
0.0,1.6809957,BAJO (Bueno)
16.5833333333333,16.56584,MEDIO (Moderado)
5.5,4.551017,BAJO (Bueno)
7.4166666666666705,7.7085443,BAJO (Bueno)
4.91666666666667,6.4611983,BAJO (Bueno)
6.41666666666667,6.892614,BAJO (Bueno)
3.58333333333333,4.5273666,BAJO (Bueno)
22.75,23.80531,MEDIO (Moderado)
3.9166666666666696,5.3281007,BAJO (Bueno)
5.08333333333333,6.169075,BAJO (Bueno)
2.5,3.518707,BAJO (Bueno)
28.0833333333333,29.76995,MEDIO (Moderado)
1.0,3.1970336,BAJO (Bueno)
16.3333333333333,16.975111,MEDIO (Moderado)
1.41666666666667,2.3395846,BAJO (Bueno)
23.3333333333333,24.866741,MEDIO (Moderado)
14.166666666666702,15.023013,MEDIO (Moderado)
13.0,13.835622,MEDIO (Moderado)
94.3333333333333,100.09871,MUY ALTO (Dañino)
22.75,23.982233,MEDIO (Moderado)
14.9166666666667,14.9122,MEDIO (Moderado)
3.58333333333333,4.4330206,BAJO (Bueno)
4.33333333333333,4.8174677,BAJO (Bueno)
38.1666666666667,40.44891,ALTO (Dañino Sensible)
17.0,17.08129,MEDIO (Moderado)
22.6666666666667,23.31504,MEDIO (Moderado)
1.41666666666667,3.2683506,BAJO (Bueno)
27.5491525423729,29.066187,MEDIO (Moderado)
24.916666666666696,26.82619,MEDIO (Moderado)
80.4166666666667,81.05293,MUY ALTO (Dañino)
1.8333333333333302,2.4340415,BAJO (Bueno)
6.66666666666667,6.9592757,BAJO (Bueno)
5.16666666666667,5.85815,BAJO (Bueno)
12.5,12.219612,MEDIO (Moderado)
12.2857142857143,12.155888,MEDIO (Moderado)
39.5833333333333,41.607204,ALTO (Dañino Sensible)
8.66666666666667,9.351584,BAJO (Bueno)
8.08333333333333,7.813877,BAJO (Bueno)
12.0769230769231,12.56276,MEDIO (Moderado)
6.5,6.7193227,BAJO (Bueno)
45.3,47.278954,ALTO (Dañino Sensible)
28.666666666666696,30.705761,MEDIO (Moderado)
5.5,6.4746037,BAJO (Bueno)
35.3333333333333,37.15802,ALTO (Dañino Sensible)
18.3333333333333,19.262924,MEDIO (Moderado)
15.0,15.312484,MEDIO (Moderado)
54.4166666666667,55.76425,MUY ALTO (Dañino)
3.33333333333333,4.6215515,BAJO (Bueno)
19.5,20.288723,MEDIO (Moderado)
29.6666666666667,29.06644,MEDIO (Moderado)
33.0,34.628498,MEDIO (Moderado)
25.75,26.119642,MEDIO (Moderado)
19.1666666666667,19.614717,MEDIO (Moderado)
5.25,6.651641,BAJO (Bueno)
17.6666666666667,18.647762,MEDIO (Moderado)
0.0,2.1589468,BAJO (Bueno)
4.58333333333333,5.2876267,BAJO (Bueno)
1.0,3.054607,BAJO (Bueno)
53.6666666666667,54.600346,ALTO (Dañino Sensible)
26.6666666666667,28.359856,MEDIO (Moderado)
3.33333333333333,5.0772076,BAJO (Bueno)
22.8333333333333,23.372456,MEDIO (Moderado)
3.25,4.235624,BAJO (Bueno)
10.416666666666702,10.272989,BAJO (Bueno)
16.8333333333333,17.738754,MEDIO (Moderado)
34.75,36.40012,ALTO (Dañino Sensible)
31.3333333333333,33.768265,MEDIO (Moderado)
8.0,9.028678,BAJO (Bueno)
0.0,1.8940581,BAJO (Bueno)
23.0,23.87744,MEDIO (Moderado)
14.75,15.660982,MEDIO (Moderado)
29.0,30.987913,MEDIO (Moderado)
15.75,15.813904,MEDIO (Moderado)
0.0,1.5437251,BAJO (Bueno)
10.8333333333333,10.783808,BAJO (Bueno)
37.75,39.420044,ALTO (Dañino Sensible)
15.6363636363636,16.106768,MEDIO (Moderado)
54.25,55.64524,MUY ALTO (Dañino)
0.0,1.5485467,BAJO (Bueno)
72.25,72.062355,MUY ALTO (Dañino)
4.91666666666667,5.7953014,BAJO (Bueno)
55.00000000000001,55.649315,MUY ALTO (Dañino)
11.9166666666667,12.009557,MEDIO (Moderado)
3.4999999999999996,4.92378,BAJO (Bueno)
46.9721254355401,48.843674,ALTO (Dañino Sensible)
5.4166666666666705,5.402099,BAJO (Bueno)
12.3846153846154,12.934572,MEDIO (Moderado)
42.4166666666667,43.58065,ALTO (Dañino Sensible)
4.75,5.6647754,BAJO (Bueno)
0.0,1.7518167,BAJO (Bueno)
58.0833333333333,58.94422,MUY ALTO (Dañino)
80.3333333333333,81.188545,MUY ALTO (Dañino)
8.33333333333333,8.742193,BAJO (Bueno)
38.25,40.38785,ALTO (Dañino Sensible)
6.16666666666667,6.561519,BAJO (Bueno)
13.5,13.517008,MEDIO (Moderado)
5.25,6.5146446,BAJO (Bueno)
32.8333333333333,34.565952,MEDIO (Moderado)
26.5833333333333,27.90756,MEDIO (Moderado)
13.0,12.66425,MEDIO (Moderado)
16.0,16.000685,MEDIO (Moderado)
10.0,10.376675,BAJO (Bueno)
38.25,39.352173,ALTO (Dañino Sensible)
5.5,5.9231358,BAJO (Bueno)
18.0,18.09151,MEDIO (Moderado)
38.9166666666667,41.154194,ALTO (Dañino Sensible)
6.91666666666667,7.66595,BAJO (Bueno)
5.08333333333333,6.110711,BAJO (Bueno)
5.16666666666667,5.832391,BAJO (Bueno)
33.4166666666667,35.411526,MEDIO (Moderado)
0.0,0.0,BAJO (Bueno)
1.0,2.4146266,BAJO (Bueno)
24.249999999999996,25.724815,MEDIO (Moderado)
27.333333333333304,29.315044,MEDIO (Moderado)
13.0,13.034568,MEDIO (Moderado)
3.9166666666666696,5.5557985,BAJO (Bueno)
3.16666666666667,4.98004,BAJO (Bueno)
22.0833333333333,22.738304,MEDIO (Moderado)
4.08333333333333,4.83082,BAJO (Bueno)
4.0,5.6603847,BAJO (Bueno)
20.9166666666667,22.424028,MEDIO (Moderado)
53.25,53.532375,ALTO (Dañino Sensible)
24.749999999999996,25.678755,MEDIO (Moderado)
28.9166666666667,30.639395,MEDIO (Moderado)
22.0,22.452919,MEDIO (Moderado)
0.0,1.885455,BAJO (Bueno)
76.0833333333333,76.74908,MUY ALTO (Dañino)
16.4166666666667,16.63429,MEDIO (Moderado)
6.5,5.7441144,BAJO (Bueno)
13.0,13.881582,MEDIO (Moderado)
2.33333333333333,3.2388027,BAJO (Bueno)
6.333333333333331,6.5698934,BAJO (Bueno)
2.25,4.0326476,BAJO (Bueno)
6.333333333333331,6.9709573,BAJO (Bueno)
0.0,1.6133425,BAJO (Bueno)
22.4166666666667,23.059216,MEDIO (Moderado)
48.5833333333333,49.87212,ALTO (Dañino Sensible)
21.8333333333333,22.787004,MEDIO (Moderado)
37.0,38.86192,ALTO (Dañino Sensible)
28.666666666666696,30.161062,MEDIO (Moderado)
11.3636363636364,11.343462,BAJO (Bueno)
11.5,11.333306,BAJO (Bueno)
12.6666666666667,13.34981,MEDIO (Moderado)
0.0,6.2983985,BAJO (Bueno)
53.1666666666667,54.485462,ALTO (Dañino Sensible)
1.5,3.1310127,BAJO (Bueno)
17.25,18.483027,MEDIO (Moderado)
3.0,4.4675393,BAJO (Bueno)
0.0,1.8626616,BAJO (Bueno)
22.3333333333333,22.881807,MEDIO (Moderado)
48.272727272727295,50.29762,ALTO (Dañino Sensible)
2.58333333333333,3.6644027,BAJO (Bueno)
17.0,17.159946,MEDIO (Moderado)
12.5,13.504216,MEDIO (Moderado)
7.33333333333333,8.400887,BAJO (Bueno)
17.0102214650767,17.335007,MEDIO (Moderado)
2.41666666666667,3.8987854,BAJO (Bueno)
22.0833333333333,23.62702,MEDIO (Moderado)
6.08333333333333,7.678169,BAJO (Bueno)
16.6666666666667,16.767544,MEDIO (Moderado)
19.25,19.991468,MEDIO (Moderado)
38.9166666666667,41.29763,ALTO (Dañino Sensible)
26.75,25.901823,MEDIO (Moderado)
30.5,31.569572,MEDIO (Moderado)
1.6666666666666698,3.3205185,BAJO (Bueno)
4.41666666666667,5.145077,BAJO (Bueno)
14.416666666666702,14.889201,MEDIO (Moderado)
16.75,17.553246,MEDIO (Moderado)
44.8333333333333,45.60743,ALTO (Dañino Sensible)
11.8333333333333,12.907944,MEDIO (Moderado)
22.4166666666667,22.60353,MEDIO (Moderado)
1.23076923076923,2.1480808,BAJO (Bueno)
11.1666666666667,11.679092,BAJO (Bueno)
6.16666666666667,6.834084,BAJO (Bueno)
29.3571428571429,31.024763,MEDIO (Moderado)
45.8333333333333,46.823277,ALTO (Dañino Sensible)
20.666666666666696,20.55539,MEDIO (Moderado)
0.0,1.376329,BAJO (Bueno)
4.58333333333333,3.3596168,BAJO (Bueno)
0.0,1.913857,BAJO (Bueno)
6.5833333333333295,7.238104,BAJO (Bueno)
14.166666666666702,14.345921,MEDIO (Moderado)
22.75,23.260242,MEDIO (Moderado)
1.58333333333333,3.7730548,BAJO (Bueno)
72.1666666666667,72.749626,MUY ALTO (Dañino)
0.0,1.5982039,BAJO (Bueno)
15.0833333333333,16.07053,MEDIO (Moderado)
2.9166666666666696,3.7451196,BAJO (Bueno)
18.5833333333333,18.79504,MEDIO (Moderado)
0.5,2.273489,BAJO (Bueno)
6.999999999999999,7.123711,BAJO (Bueno)
53.25,52.25791,ALTO (Dañino Sensible)
17.0833333333333,17.785841,MEDIO (Moderado)
7.91666666666667,8.790293,BAJO (Bueno)
0.0,1.5317183,BAJO (Bueno)
8.41666666666667,8.874131,BAJO (Bueno)
30.3333333333333,29.771683,MEDIO (Moderado)
34.4545454545455,35.731735,ALTO (Dañino Sensible)
8.5,8.934277,BAJO (Bueno)
2.33333333333333,2.90253,BAJO (Bueno)
10.249999999999998,10.542037,BAJO (Bueno)
7.58333333333333,5.4347367,BAJO (Bueno)
30.25,32.652016,MEDIO (Moderado)
38.1666666666667,40.288723,ALTO (Dañino Sensible)
29.75,31.37495,MEDIO (Moderado)
7.72727272727273,8.186103,BAJO (Bueno)
15.4615384615385,16.032429,MEDIO (Moderado)
33.6666666666667,35.749332,ALTO (Dañino Sensible)
39.0833333333333,41.357388,ALTO (Dañino Sensible)
2.66666666666667,4.4760027,BAJO (Bueno)
5.08333333333333,5.9808426,BAJO (Bueno)
15.6666666666667,14.920427,MEDIO (Moderado)
5.25,6.501612,BAJO (Bueno)
0.0,1.9712124,BAJO (Bueno)
18.0,18.476164,MEDIO (Moderado)
4.25,4.788878,BAJO (Bueno)
5.16666666666667,5.9422016,BAJO (Bueno)
19.0769230769231,19.818014,MEDIO (Moderado)
19.25,20.31526,MEDIO (Moderado)
4.75,6.146826,BAJO (Bueno)
3.4999999999999996,4.288793,BAJO (Bueno)
0.916666666666667,1.7352604,BAJO (Bueno)
1.0,3.028564,BAJO (Bueno)
3.41666666666667,5.0323405,BAJO (Bueno)
5.25,6.4031425,BAJO (Bueno)
5.83333333333333,6.5165896,BAJO (Bueno)
0.0,2.3501785,BAJO (Bueno)
17.8333333333333,17.808338,MEDIO (Moderado)
0.0,1.9993448,BAJO (Bueno)
0.0,1.3188869,BAJO (Bueno)
25.25,26.601963,MEDIO (Moderado)
9.08333333333333,10.224726,BAJO (Bueno)
33.75,35.230568,MEDIO (Moderado)
17.25,17.03998,MEDIO (Moderado)
93.5,103.183334,MUY ALTO (Dañino)
0.0,0.26811773,BAJO (Bueno)
37.1666666666667,38.46032,ALTO (Dañino Sensible)
12.5,12.491831,MEDIO (Moderado)
20.1666666666667,21.455215,MEDIO (Moderado)
6.08333333333333,6.4195905,BAJO (Bueno)
9.41666666666667,10.376692,BAJO (Bueno)
77.0,77.40506,MUY ALTO (Dañino)
20.5833333333333,20.676947,MEDIO (Moderado)
14.666666666666698,14.8569145,MEDIO (Moderado)
13.0833333333333,13.819677,MEDIO (Moderado)
0.0,2.2914512,BAJO (Bueno)
38.1666666666667,40.62593,ALTO (Dañino Sensible)
6.25,6.968892,BAJO (Bueno)
24.5,25.336483,MEDIO (Moderado)
61.3636363636364,61.224827,MUY ALTO (Dañino)
5.25,6.9534163,BAJO (Bueno)
3.0833333333333304,3.9026837,BAJO (Bueno)
67.0833333333333,67.3277,MUY ALTO (Dañino)
38.0,38.59878,ALTO (Dañino Sensible)
1.3333333333333302,2.639933,BAJO (Bueno)
21.4166666666667,21.915731,MEDIO (Moderado)
20.2,20.561663,MEDIO (Moderado)
41.0909090909091,43.23004,ALTO (Dañino Sensible)
4.58333333333333,5.202363,BAJO (Bueno)
31.750000000000004,33.316566,MEDIO (Moderado)
51.41666666666671,52.87305,ALTO (Dañino Sensible)
20.75,21.949263,MEDIO (Moderado)
5.33333333333333,6.634699,BAJO (Bueno)
25.0,26.041819,MEDIO (Moderado)
21.75,22.969305,MEDIO (Moderado)
19.0833333333333,19.2209,MEDIO (Moderado)
14.9090909090909,14.758972,MEDIO (Moderado)
21.8333333333333,23.148462,MEDIO (Moderado)
2.66666666666667,5.0118904,BAJO (Bueno)
2.66666666666667,4.0472975,BAJO (Bueno)
16.6666666666667,16.569263,MEDIO (Moderado)
18.3636363636364,18.555182,MEDIO (Moderado)
3.90909090909091,4.6105533,BAJO (Bueno)
69.5833333333333,70.15956,MUY ALTO (Dañino)
43.25000000000001,43.189514,ALTO (Dañino Sensible)
47.75,48.878994,ALTO (Dañino Sensible)
26.3333333333333,25.17294,MEDIO (Moderado)
64.5,64.721725,MUY ALTO (Dañino)
2.41666666666667,3.4878619,BAJO (Bueno)
20.0833333333333,20.184986,MEDIO (Moderado)
2.75,4.5474954,BAJO (Bueno)
36.9166666666667,35.661186,ALTO (Dañino Sensible)
10.5,11.1872835,BAJO (Bueno)
27.0833333333333,28.388197,MEDIO (Moderado)
5.83333333333333,7.171719,BAJO (Bueno)
64.9166666666667,65.44714,MUY ALTO (Dañino)
17.3333333333333,16.52324,MEDIO (Moderado)
37.3636363636364,38.45432,ALTO (Dañino Sensible)
77.1666666666667,78.3057,MUY ALTO (Dañino)
52.3333333333333,52.97884,ALTO (Dañino Sensible)
34.1666666666667,36.29622,ALTO (Dañino Sensible)
0.0,2.3763852,BAJO (Bueno)
9.9469964664311,9.9206295,BAJO (Bueno)
51.5833333333333,53.099358,ALTO (Dañino Sensible)
2.16666666666667,3.5934494,BAJO (Bueno)
15.25,15.17216,MEDIO (Moderado)
19.9166666666667,21.06561,MEDIO (Moderado)
27.999999999999996,30.165583,MEDIO (Moderado)
6.41666666666667,7.2697124,BAJO (Bueno)
14.3333333333333,14.179648,MEDIO (Moderado)
4.0,4.5541654,BAJO (Bueno)
90.0833333333333,94.09832,MUY ALTO (Dañino)
9.25,9.445042,BAJO (Bueno)
46.25,45.695522,ALTO (Dañino Sensible)
49.0,50.482372,ALTO (Dañino Sensible)
9.25,9.557389,BAJO (Bueno)
4.91666666666667,5.373124,BAJO (Bueno)
23.3333333333333,25.23302,MEDIO (Moderado)
0.0,1.7990284,BAJO (Bueno)
6.66666666666667,6.8645177,BAJO (Bueno)
77.8333333333333,72.548836,MUY ALTO (Dañino)
64.3333333333333,64.429596,MUY ALTO (Dañino)
15.4166666666667,16.25604,MEDIO (Moderado)
2.41666666666667,4.2044005,BAJO (Bueno)
17.8333333333333,19.040073,MEDIO (Moderado)
0.0,1.283793,BAJO (Bueno)
3.58333333333333,5.107037,BAJO (Bueno)
13.6666666666667,14.025039,MEDIO (Moderado)
0.0,1.5240972,BAJO (Bueno)
17.1666666666667,18.287909,MEDIO (Moderado)
19.1666666666667,19.995865,MEDIO (Moderado)
10.5,10.920943,BAJO (Bueno)
11.9166666666667,12.791797,MEDIO (Moderado)
13.9166666666667,14.369482,MEDIO (Moderado)
8.16666666666667,9.143774,BAJO (Bueno)
7.33333333333333,8.841346,BAJO (Bueno)
12.8333333333333,13.776608,MEDIO (Moderado)
9.08333333333333,10.245295,BAJO (Bueno)
2.08333333333333,4.006029,BAJO (Bueno)
27.0833333333333,28.762299,MEDIO (Moderado)
20.666666666666696,20.729465,MEDIO (Moderado)
3.83333333333333,5.102887,BAJO (Bueno)
45.8333333333333,47.935913,ALTO (Dañino Sensible)
4.75,6.0096154,BAJO (Bueno)
1.16666666666667,3.1305456,BAJO (Bueno)
19.1666666666667,20.383799,MEDIO (Moderado)
0.0,1.751162,BAJO (Bueno)
17.1666666666667,17.716295,MEDIO (Moderado)
37.75,40.106304,ALTO (Dañino Sensible)
2.9166666666666696,4.130797,BAJO (Bueno)
4.25,5.8258796,BAJO (Bueno)
17.9166666666667,17.921814,MEDIO (Moderado)
1.8333333333333302,3.9172604,BAJO (Bueno)
3.41666666666667,4.496247,BAJO (Bueno)
1.58333333333333,3.5379584,BAJO (Bueno)
18.0,17.859016,MEDIO (Moderado)
12.6666666666667,12.858884,MEDIO (Moderado)
7.16666666666667,7.312952,BAJO (Bueno)
30.4166666666667,32.228756,MEDIO (Moderado)
7.58333333333333,7.78035,BAJO (Bueno)
0.5,1.3915229,BAJO (Bueno)
23.3333333333333,24.934038,MEDIO (Moderado)
0.0,1.5942972,BAJO (Bueno)
0.0,1.2141407,BAJO (Bueno)
19.5,19.795963,MEDIO (Moderado)
58.6666666666667,59.214245,MUY ALTO (Dañino)
85.91666666666669,88.25284,MUY ALTO (Dañino)
61.75,61.974808,MUY ALTO (Dañino)
1.5,3.5091412,BAJO (Bueno)
0.916666666666667,3.0966578,BAJO (Bueno)
3.0833333333333304,4.0030465,BAJO (Bueno)
53.25,54.28866,ALTO (Dañino Sensible)
0.0,1.4395313,BAJO (Bueno)
24.8333333333333,26.857372,MEDIO (Moderado)
1.16666666666667,3.107136,BAJO (Bueno)
18.3333333333333,16.178143,MEDIO (Moderado)
4.58333333333333,5.1984487,BAJO (Bueno)
44.58333333333329,45.90228,ALTO (Dañino Sensible)
0.0833333333333333,1.2550539,BAJO (Bueno)
0.0,2.0061812,BAJO (Bueno)
9.66666666666667,10.137509,BAJO (Bueno)
12.7272727272727,13.084594,MEDIO (Moderado)
32.4166666666667,34.967747,MEDIO (Moderado)
4.66666666666667,5.9115143,BAJO (Bueno)
0.0,1.9096782,BAJO (Bueno)
12.3636363636364,13.337186,MEDIO (Moderado)
2.41666666666667,3.7732654,BAJO (Bueno)
12.6666666666667,13.658797,MEDIO (Moderado)
2.9166666666666696,4.726489,BAJO (Bueno)
23.3333333333333,24.235552,MEDIO (Moderado)
72.1538461538462,72.74689,MUY ALTO (Dañino)
0.0,1.7679447,BAJO (Bueno)
33.3333333333333,35.33148,MEDIO (Moderado)
14.0833333333333,14.913437,MEDIO (Moderado)
2.83333333333333,4.688189,BAJO (Bueno)
7.08333333333333,8.255426,BAJO (Bueno)
2.08333333333333,3.0970645,BAJO (Bueno)
0.0,2.0534866,BAJO (Bueno)
15.0,15.132842,MEDIO (Moderado)
13.999999999999998,14.272203,MEDIO (Moderado)
2.0,3.7973237,BAJO (Bueno)
0.0,1.725007,BAJO (Bueno)
17.1666666666667,18.18544,MEDIO (Moderado)
25.5833333333333,27.624287,MEDIO (Moderado)
0.0,1.3441163,BAJO (Bueno)
42.0833333333333,43.418255,ALTO (Dañino Sensible)
27.833333333333297,29.593721,MEDIO (Moderado)
34.1666666666667,35.855522,ALTO (Dañino Sensible)
3.83333333333333,4.4206886,BAJO (Bueno)
60.5,59.118305,MUY ALTO (Dañino)
23.250000000000004,24.679417,MEDIO (Moderado)
0.0,1.6670053,BAJO (Bueno)
3.66666666666667,4.249588,BAJO (Bueno)
3.58333333333333,5.3079433,BAJO (Bueno)
4.0,5.4439163,BAJO (Bueno)
14.0833333333333,14.1978035,MEDIO (Moderado)
23.5,24.458208,MEDIO (Moderado)
27.833333333333297,29.799006,MEDIO (Moderado)
31.4166666666667,33.60354,MEDIO (Moderado)
3.58333333333333,4.873403,BAJO (Bueno)
6.0,7.0289483,BAJO (Bueno)
33.75,36.594193,ALTO (Dañino Sensible)
6.333333333333331,7.646437,BAJO (Bueno)
20.75,21.669788,MEDIO (Moderado)
59.0,59.55308,MUY ALTO (Dañino)
0.0,1.7731129,BAJO (Bueno)
13.1666666666667,15.30201,MEDIO (Moderado)
14.666666666666698,15.090252,MEDIO (Moderado)
6.66666666666667,7.1992116,BAJO (Bueno)
21.4166666666667,22.1872,MEDIO (Moderado)
61.5,62.449856,MUY ALTO (Dañino)
29.25,31.173742,MEDIO (Moderado)
17.3333333333333,18.122204,MEDIO (Moderado)
33.3333333333333,35.82068,ALTO (Dañino Sensible)
25.1666666666667,26.753502,MEDIO (Moderado)
0.0,1.5699921,BAJO (Bueno)
8.91666666666667,5.859717,BAJO (Bueno)
0.0,2.0396695,BAJO (Bueno)
15.8333333333333,16.757654,MEDIO (Moderado)
64.75,64.70679,MUY ALTO (Dañino)
20.5833333333333,20.856352,MEDIO (Moderado)
4.08333333333333,5.148984,BAJO (Bueno)
47.8461538461538,49.265636,ALTO (Dañino Sensible)
8.08333333333333,8.416802,BAJO (Bueno)
1.7499999999999998,4.0275226,BAJO (Bueno)
28.4166666666667,29.91215,MEDIO (Moderado)
25.25,26.575039,MEDIO (Moderado)
3.16666666666667,3.8997242,BAJO (Bueno)
38.0,39.64701,ALTO (Dañino Sensible)
29.9166666666667,32.276035,MEDIO (Moderado)
2.58333333333333,4.4999804,BAJO (Bueno)
5.5,5.895817,BAJO (Bueno)
0.0,2.290953,BAJO (Bueno)
2.25,3.6252143,BAJO (Bueno)
3.83333333333333,4.9143343,BAJO (Bueno)
38.3333333333333,40.335327,ALTO (Dañino Sensible)
22.6666666666667,24.297361,MEDIO (Moderado)
1.6666666666666698,2.6665273,BAJO (Bueno)
13.4166666666667,14.124789,MEDIO (Moderado)
16.5833333333333,17.229998,MEDIO (Moderado)
31.0,33.502872,MEDIO (Moderado)
0.833333333333333,1.9684802,BAJO (Bueno)
3.16666666666667,4.2809772,BAJO (Bueno)
3.75,4.4062243,BAJO (Bueno)
36.6666666666667,37.802788,ALTO (Dañino Sensible)
17.0833333333333,17.89303,MEDIO (Moderado)
3.0,4.56586,BAJO (Bueno)
30.75,32.949936,MEDIO (Moderado)
27.500000000000004,29.027523,MEDIO (Moderado)
21.8333333333333,22.339378,MEDIO (Moderado)
15.5833333333333,16.51038,MEDIO (Moderado)
12.9166666666667,13.288335,MEDIO (Moderado)
21.25,22.513332,MEDIO (Moderado)
21.166666666666696,22.037973,MEDIO (Moderado)
5.91666666666667,6.9160333,BAJO (Bueno)
20.8333333333333,21.778671,MEDIO (Moderado)
9.33333333333333,9.328249,BAJO (Bueno)
26.833333333333304,28.983343,MEDIO (Moderado)
28.7482014388489,31.041742,MEDIO (Moderado)
45.91666666666669,47.809364,ALTO (Dañino Sensible)
33.1666666666667,35.164524,MEDIO (Moderado)
15.0,15.535307,MEDIO (Moderado)
40.2666666666667,41.999706,ALTO (Dañino Sensible)
3.75,4.680693,BAJO (Bueno)
8.25,8.51877,BAJO (Bueno)
26.3333333333333,27.751696,MEDIO (Moderado)
56.66666666666669,56.862724,MUY ALTO (Dañino)
0.0,1.9155854,BAJO (Bueno)
3.66666666666667,5.2837224,BAJO (Bueno)
9.66666666666667,9.975039,BAJO (Bueno)
42.1666666666667,43.77188,ALTO (Dañino Sensible)
54.75,55.06896,ALTO (Dañino Sensible)
5.33333333333333,6.6359386,BAJO (Bueno)
11.75,12.928114,MEDIO (Moderado)
24.5833333333333,26.001774,MEDIO (Moderado)
0.0,1.6186647,BAJO (Bueno)
30.5833333333333,32.039146,MEDIO (Moderado)
4.91666666666667,6.180531,BAJO (Bueno)
15.3333333333333,15.592282,MEDIO (Moderado)
22.0833333333333,23.076164,MEDIO (Moderado)
82.9166666666667,84.75245,MUY ALTO (Dañino)
10.249999999999998,10.702705,BAJO (Bueno)
21.25,21.559526,MEDIO (Moderado)
0.0,1.5899017,BAJO (Bueno)
49.0833333333333,50.061703,ALTO (Dañino Sensible)
11.5,11.607978,BAJO (Bueno)
2.66666666666667,4.10796,BAJO (Bueno)
6.83333333333333,8.415994,BAJO (Bueno)
21.0769230769231,21.522596,MEDIO (Moderado)
40.75,42.644924,ALTO (Dañino Sensible)
18.0,18.01345,MEDIO (Moderado)
20.0,16.211641,MEDIO (Moderado)
42.25,44.22129,ALTO (Dañino Sensible)
25.5833333333333,26.990646,MEDIO (Moderado)
16.75,17.768715,MEDIO (Moderado)
63.0,63.38236,MUY ALTO (Dañino)
58.4166666666667,59.477676,MUY ALTO (Dañino)
0.0,1.0706848,BAJO (Bueno)
3.33333333333333,4.4513946,BAJO (Bueno)
49.0833333333333,50.847614,ALTO (Dañino Sensible)
22.0,19.195482,MEDIO (Moderado)
42.58333333333331,43.91828,ALTO (Dañino Sensible)
17.6666666666667,17.485086,MEDIO (Moderado)
2.36363636363636,4.11017,BAJO (Bueno)
5.25,6.567465,BAJO (Bueno)
55.9166666666667,57.40602,MUY ALTO (Dañino)
1.41666666666667,1.6639639,BAJO (Bueno)
71.9166666666667,72.26069,MUY ALTO (Dañino)
10.8181818181818,10.680398,BAJO (Bueno)
15.1666666666667,16.079628,MEDIO (Moderado)
18.6666666666667,19.237104,MEDIO (Moderado)
23.916666666666703,25.063625,MEDIO (Moderado)
55.1666666666667,56.46172,MUY ALTO (Dañino)
29.9230769230769,32.388653,MEDIO (Moderado)
20.5833333333333,21.155891,MEDIO (Moderado)
24.916666666666696,26.699005,MEDIO (Moderado)
28.666666666666696,30.332853,MEDIO (Moderado)
4.66666666666667,5.6518035,BAJO (Bueno)
0.0,1.8575127,BAJO (Bueno)
11.4166666666667,12.352584,MEDIO (Moderado)
24.1666666666667,25.69989,MEDIO (Moderado)
13.750000000000002,14.010998,MEDIO (Moderado)
7.33333333333333,8.314125,BAJO (Bueno)
13.1818181818182,14.628431,MEDIO (Moderado)
4.83333333333333,5.7303777,BAJO (Bueno)
24.749999999999996,26.72712,MEDIO (Moderado)
5.33333333333333,5.9753833,BAJO (Bueno)
19.5833333333333,20.75455,MEDIO (Moderado)
19.2,19.523829,MEDIO (Moderado)
7.58333333333333,6.75958,BAJO (Bueno)
29.6666666666667,31.519825,MEDIO (Moderado)
0.0,1.9996313,BAJO (Bueno)
49.4166666666667,51.049587,ALTO (Dañino Sensible)
86.0,88.35377,MUY ALTO (Dañino)
11.3333333333333,12.111805,MEDIO (Moderado)
0.833333333333333,3.2697587,BAJO (Bueno)
3.75,4.856854,BAJO (Bueno)
40.5833333333333,42.957005,ALTO (Dañino Sensible)
12.3333333333333,13.230026,MEDIO (Moderado)
66.5454545454545,67.17755,MUY ALTO (Dañino)
18.4166666666667,19.276825,MEDIO (Moderado)
9.16666666666667,9.603462,BAJO (Bueno)
4.08333333333333,3.7197084,BAJO (Bueno)
18.5833333333333,18.57882,MEDIO (Moderado)
4.66666666666667,5.7600145,BAJO (Bueno)
1.08333333333333,2.8572922,BAJO (Bueno)
15.0833333333333,15.738815,MEDIO (Moderado)
12.0833333333333,13.61639,MEDIO (Moderado)
4.75,6.3687563,BAJO (Bueno)
9.25,9.92431,BAJO (Bueno)
11.9166666666667,12.58362,MEDIO (Moderado)
16.5833333333333,17.592134,MEDIO (Moderado)
20.8333333333333,19.517422,MEDIO (Moderado)
13.2307692307692,14.238085,MEDIO (Moderado)
0.0,1.5111299,BAJO (Bueno)
3.58333333333333,4.2267776,BAJO (Bueno)
34.5,36.819324,ALTO (Dañino Sensible)
79.1666666666667,81.113266,MUY ALTO (Dañino)
19.3076923076923,19.45497,MEDIO (Moderado)
72.4,72.13324,MUY ALTO (Dañino)
30.6666666666667,32.288746,MEDIO (Moderado)
67.1,68.206085,MUY ALTO (Dañino)
4.08333333333333,4.8671155,BAJO (Bueno)
42.1666666666667,43.98342,ALTO (Dañino Sensible)
27.666666666666703,29.213556,MEDIO (Moderado)
53.3333333333333,54.1981,ALTO (Dañino Sensible)
21.3333333333333,22.62542,MEDIO (Moderado)
19.1666666666667,19.382273,MEDIO (Moderado)
44.58333333333329,45.814224,ALTO (Dañino Sensible)
7.75,8.069722,BAJO (Bueno)
32.5833333333333,34.944954,MEDIO (Moderado)
64.7272727272727,64.845985,MUY ALTO (Dañino)
2.83333333333333,4.0414166,BAJO (Bueno)
2.66666666666667,3.7699857,BAJO (Bueno)
18.75,19.77343,MEDIO (Moderado)
3.0,4.6712303,BAJO (Bueno)
24.6666666666667,26.599411,MEDIO (Moderado)
2.66666666666667,4.4261866,BAJO (Bueno)
5.25,6.56707,BAJO (Bueno)
10.416666666666702,11.341093,BAJO (Bueno)
20.333333333333297,19.285496,MEDIO (Moderado)
19.1818181818182,19.701658,MEDIO (Moderado)
8.91666666666667,8.88941,BAJO (Bueno)
10.5,10.490149,BAJO (Bueno)
2.54545454545455,4.307095,BAJO (Bueno)
13.750000000000002,14.613897,MEDIO (Moderado)
4.25,5.494705,BAJO (Bueno)
0.0,1.5841582,BAJO (Bueno)
0.333333333333333,1.4107273,BAJO (Bueno)
23.250000000000004,24.688936,MEDIO (Moderado)
14.3333333333333,14.324434,MEDIO (Moderado)
46.9166666666667,48.793293,ALTO (Dañino Sensible)
31.5,32.90016,MEDIO (Moderado)
16.0833333333333,16.070412,MEDIO (Moderado)
28.0833333333333,28.329596,MEDIO (Moderado)
2.25,3.5886111,BAJO (Bueno)
95.25,100.1679,MUY ALTO (Dañino)
0.583333333333333,1.9016612,BAJO (Bueno)
10.8333333333333,10.9411125,BAJO (Bueno)
14.666666666666698,15.288284,MEDIO (Moderado)
12.0,11.987788,BAJO (Bueno)
3.66666666666667,5.422866,BAJO (Bueno)
16.0833333333333,12.37705,MEDIO (Moderado)
51.25,52.88332,ALTO (Dañino Sensible)
17.25,17.41382,MEDIO (Moderado)
62.25,62.4056,MUY ALTO (Dañino)
70.5833333333333,71.14824,MUY ALTO (Dañino)
5.25,6.7027326,BAJO (Bueno)
0.0,1.9360607,BAJO (Bueno)
19.25,19.481936,MEDIO (Moderado)
3.0,4.236666,BAJO (Bueno)
0.0,1.9392189,BAJO (Bueno)
29.75,31.27954,MEDIO (Moderado)
2.58333333333333,3.8857362,BAJO (Bueno)
19.6666666666667,19.930662,MEDIO (Moderado)
16.1666666666667,16.417353,MEDIO (Moderado)
9.66666666666667,9.711743,BAJO (Bueno)
28.499999999999996,30.774408,MEDIO (Moderado)
22.5,23.722914,MEDIO (Moderado)
32.75,35.553696,ALTO (Dañino Sensible)
21.75,23.261137,MEDIO (Moderado)
19.6363636363636,19.86428,MEDIO (Moderado)
22.5714285714286,23.867943,MEDIO (Moderado)
0.0,2.6216002,BAJO (Bueno)
52.74999999999999,53.63581,ALTO (Dañino Sensible)
13.999999999999998,14.7749405,MEDIO (Moderado)
66.5833333333333,66.472565,MUY ALTO (Dañino)
51.4,52.767612,ALTO (Dañino Sensible)
25.4166666666667,27.327095,MEDIO (Moderado)
21.166666666666696,21.857063,MEDIO (Moderado)
8.16666666666667,8.819343,BAJO (Bueno)
68.3333333333333,67.85921,MUY ALTO (Dañino)
14.416666666666702,14.889782,MEDIO (Moderado)
1.8333333333333302,3.5816207,BAJO (Bueno)
27.9166666666667,29.988201,MEDIO (Moderado)
30.0,32.023228,MEDIO (Moderado)
44.0833333333333,45.977047,ALTO (Dañino Sensible)
57.5,58.48532,MUY ALTO (Dañino)
24.249999999999996,21.488977,MEDIO (Moderado)
19.5833333333333,19.63535,MEDIO (Moderado)
20.8333333333333,21.377678,MEDIO (Moderado)
17.9166666666667,18.230795,MEDIO (Moderado)
3.33333333333333,4.6732574,BAJO (Bueno)
4.0,4.8918104,BAJO (Bueno)
10.8333333333333,7.3922715,BAJO (Bueno)
34.1666666666667,36.889328,ALTO (Dañino Sensible)
34.75,37.043888,ALTO (Dañino Sensible)
11.75,11.564701,BAJO (Bueno)
9.25,10.442761,BAJO (Bueno)
8.91666666666667,8.942001,BAJO (Bueno)
22.9166666666667,23.533686,MEDIO (Moderado)
65.75,64.00213,MUY ALTO (Dañino)
24.249999999999996,25.045872,MEDIO (Moderado)
16.0833333333333,16.025585,MEDIO (Moderado)
31.4166666666667,33.787262,MEDIO (Moderado)
23.750000000000004,24.168829,MEDIO (Moderado)
66.2,65.834496,MUY ALTO (Dañino)
0.0,1.8159506,BAJO (Bueno)
27.0833333333333,28.376358,MEDIO (Moderado)
4.66666666666667,5.13756,BAJO (Bueno)
11.3333333333333,11.091606,BAJO (Bueno)
2.08333333333333,2.8171263,BAJO (Bueno)
3.58333333333333,5.3778133,BAJO (Bueno)
0.0,1.7668543,BAJO (Bueno)
0.0,1.7644062,BAJO (Bueno)
24.5833333333333,22.887257,MEDIO (Moderado)
16.3333333333333,16.374166,MEDIO (Moderado)
2.66666666666667,3.528675,BAJO (Bueno)
40.5833333333333,42.025047,ALTO (Dañino Sensible)
53.75,56.02359,MUY ALTO (Dañino)
19.5,19.564325,MEDIO (Moderado)
15.4166666666667,16.099117,MEDIO (Moderado)
18.75,18.509245,MEDIO (Moderado)
2.41666666666667,3.099267,BAJO (Bueno)
6.999999999999999,7.41302,BAJO (Bueno)
0.0,1.6563007,BAJO (Bueno)
1.09090909090909,2.0792937,BAJO (Bueno)
1.7499999999999998,3.2745996,BAJO (Bueno)
30.0833333333333,32.571053,MEDIO (Moderado)
37.0,39.73535,ALTO (Dañino Sensible)
14.249999999999998,14.459389,MEDIO (Moderado)
1.91666666666667,2.9810274,BAJO (Bueno)
3.0,4.382451,BAJO (Bueno)
64.4166666666667,64.729385,MUY ALTO (Dañino)
52.1666666666667,52.998554,ALTO (Dañino Sensible)
3.1538461538461497,5.0305014,BAJO (Bueno)
2.08333333333333,3.2691245,BAJO (Bueno)
4.83333333333333,6.2445707,BAJO (Bueno)
2.66666666666667,4.5287414,BAJO (Bueno)
32.8333333333333,34.873055,MEDIO (Moderado)
3.75,5.55965,BAJO (Bueno)
3.25,4.54731,BAJO (Bueno)
68.0,68.4642,MUY ALTO (Dañino)
13.999999999999998,14.404515,MEDIO (Moderado)
0.0,1.0895184,BAJO (Bueno)
20.0833333333333,20.347412,MEDIO (Moderado)
29.0833333333333,30.459135,MEDIO (Moderado)
26.0,28.163973,MEDIO (Moderado)
66.25,66.245705,MUY ALTO (Dañino)
19.4166666666667,18.853636,MEDIO (Moderado)
0.0,2.4253397,BAJO (Bueno)
22.0833333333333,23.306791,MEDIO (Moderado)
1.8333333333333302,1.9257629,BAJO (Bueno)
4.0,4.7171736,BAJO (Bueno)
4.0,4.6634507,BAJO (Bueno)
34.6666666666667,35.76133,ALTO (Dañino Sensible)
14.249999999999998,14.943141,MEDIO (Moderado)
27.0,29.13407,MEDIO (Moderado)
45.0833333333333,46.372555,ALTO (Dañino Sensible)
20.1666666666667,19.027365,MEDIO (Moderado)
21.5555555555556,21.96267,MEDIO (Moderado)
4.66666666666667,6.043477,BAJO (Bueno)
0.0,2.0157545,BAJO (Bueno)
11.5,10.643367,BAJO (Bueno)
45.0,46.202427,ALTO (Dañino Sensible)
2.75,3.5230858,BAJO (Bueno)
1.6666666666666698,3.6048498,BAJO (Bueno)
2.16666666666667,2.4056406,BAJO (Bueno)
9.58333333333333,10.73176,BAJO (Bueno)
31.083333333333304,32.749638,MEDIO (Moderado)
17.4444444444444,17.904757,MEDIO (Moderado)
6.75,7.452023,BAJO (Bueno)
11.0833333333333,12.3865,MEDIO (Moderado)
8.33333333333333,8.686549,BAJO (Bueno)
16.1666666666667,17.230085,MEDIO (Moderado)
10.8181818181818,11.496069,BAJO (Bueno)
3.16666666666667,4.156084,BAJO (Bueno)
18.3076923076923,19.230198,MEDIO (Moderado)
2.83333333333333,3.1136653,BAJO (Bueno)
12.5,13.202301,MEDIO (Moderado)
40.7692307692308,42.246685,ALTO (Dañino Sensible)
45.24999999999999,46.63569,ALTO (Dañino Sensible)
34.4166666666667,34.71265,MEDIO (Moderado)
0.0,1.9726567,BAJO (Bueno)
13.4166666666667,14.195923,MEDIO (Moderado)
25.6666666666667,26.793303,MEDIO (Moderado)
51.25,52.71082,ALTO (Dañino Sensible)
20.4166666666667,20.827967,MEDIO (Moderado)
71.75,74.12673,MUY ALTO (Dañino)
1.58333333333333,3.477564,BAJO (Bueno)
30.75,32.248253,MEDIO (Moderado)
0.0,1.8370928,BAJO (Bueno)
0.0,1.1494398,BAJO (Bueno)
0.0,2.1230175,BAJO (Bueno)
9.41666666666667,10.414266,BAJO (Bueno)
17.6666666666667,18.245634,MEDIO (Moderado)
0.0,2.0047057,BAJO (Bueno)
5.0,5.2700014,BAJO (Bueno)
1.58333333333333,3.4177196,BAJO (Bueno)
30.0,31.634953,MEDIO (Moderado)
11.75,12.257041,MEDIO (Moderado)
5.83333333333333,6.732408,BAJO (Bueno)
75.4166666666667,75.796844,MUY ALTO (Dañino)
0.0,1.4328033,BAJO (Bueno)
7.16666666666667,8.317407,BAJO (Bueno)
48.0833333333333,49.77063,ALTO (Dañino Sensible)
23.4166666666667,24.997234,MEDIO (Moderado)
4.0,5.488066,BAJO (Bueno)
22.5833333333333,23.165604,MEDIO (Moderado)
22.0,20.078989,MEDIO (Moderado)
14.666666666666698,14.631614,MEDIO (Moderado)
23.5,24.169748,MEDIO (Moderado)
61.6666666666667,62.32011,MUY ALTO (Dañino)
1.8333333333333302,3.85608,BAJO (Bueno)
36.1666666666667,37.92947,ALTO (Dañino Sensible)
23.8333333333333,24.602264,MEDIO (Moderado)
3.4999999999999996,4.431959,BAJO (Bueno)
3.33333333333333,4.237706,BAJO (Bueno)
46.50000000000001,48.533882,ALTO (Dañino Sensible)
19.25,19.585125,MEDIO (Moderado)
47.6666666666667,48.43433,ALTO (Dañino Sensible)
90.41666666666671,94.16878,MUY ALTO (Dañino)
7.25,8.388126,BAJO (Bueno)
70.3333333333333,69.39677,MUY ALTO (Dañino)
2.58333333333333,3.672994,BAJO (Bueno)
3.25,4.9400306,BAJO (Bueno)
25.6666666666667,26.88832,MEDIO (Moderado)
4.66666666666667,5.6746545,BAJO (Bueno)
29.6666666666667,31.28214,MEDIO (Moderado)
16.5833333333333,16.501146,MEDIO (Moderado)
36.0833333333333,38.285572,ALTO (Dañino Sensible)
47.83333333333329,51.727894,ALTO (Dañino Sensible)
4.0,5.087604,BAJO (Bueno)
11.8333333333333,11.927592,BAJO (Bueno)
24.749999999999996,26.075794,MEDIO (Moderado)
11.75,12.655518,MEDIO (Moderado)
5.25,6.31246,BAJO (Bueno)
3.16666666666667,4.631079,BAJO (Bueno)
8.83333333333333,9.838347,BAJO (Bueno)
0.0,1.7034618,BAJO (Bueno)
6.5,7.5846505,BAJO (Bueno)
39.9166666666667,42.412388,ALTO (Dañino Sensible)
20.333333333333297,21.480104,MEDIO (Moderado)
14.3333333333333,15.3524885,MEDIO (Moderado)
19.0833333333333,19.95028,MEDIO (Moderado)
19.8333333333333,20.91107,MEDIO (Moderado)
24.3333333333333,24.454567,MEDIO (Moderado)
54.33333333333331,54.93301,ALTO (Dañino Sensible)
0.0,1.4366981,BAJO (Bueno)
2.0,3.286207,BAJO (Bueno)
27.0,28.507376,MEDIO (Moderado)
15.4166666666667,15.596232,MEDIO (Moderado)
2.5,3.9312508,BAJO (Bueno)
12.75,13.269278,MEDIO (Moderado)
4.5,5.5006123,BAJO (Bueno)
14.9166666666667,15.416324,MEDIO (Moderado)
1.58333333333333,3.3179333,BAJO (Bueno)
0.0,1.5038482,BAJO (Bueno)
3.83333333333333,5.364829,BAJO (Bueno)
63.5454545454545,63.359997,MUY ALTO (Dañino)
71.25,71.979454,MUY ALTO (Dañino)
4.16666666666667,4.9048767,BAJO (Bueno)
30.4166666666667,32.36206,MEDIO (Moderado)
20.0,20.142267,MEDIO (Moderado)
26.3333333333333,27.411757,MEDIO (Moderado)
5.0,6.4927297,BAJO (Bueno)
16.0,16.380024,MEDIO (Moderado)
28.7272727272727,26.260122,MEDIO (Moderado)
56.99999999999999,56.685787,MUY ALTO (Dañino)
25.25,27.281925,MEDIO (Moderado)
4.83333333333333,6.19111,BAJO (Bueno)
28.499999999999996,30.741425,MEDIO (Moderado)
42.91666666666671,42.232796,ALTO (Dañino Sensible)
13.333333333333302,13.633635,MEDIO (Moderado)
15.5,15.886891,MEDIO (Moderado)
14.8333333333333,15.3512335,MEDIO (Moderado)
15.5833333333333,15.937837,MEDIO (Moderado)
48.5833333333333,50.328693,ALTO (Dañino Sensible)
49.3333333333333,50.089367,ALTO (Dañino Sensible)
0.0,1.6522062,BAJO (Bueno)
66.5833333333333,66.70238,MUY ALTO (Dañino)
12.0,12.225219,MEDIO (Moderado)
11.75,11.923125,BAJO (Bueno)
18.25,19.42482,MEDIO (Moderado)
34.0,36.10038,ALTO (Dañino Sensible)
3.16666666666667,4.723644,BAJO (Bueno)
72.8333333333333,73.549934,MUY ALTO (Dañino)
2.0,3.0366557,BAJO (Bueno)
14.75,14.636017,MEDIO (Moderado)
33.5,35.425358,MEDIO (Moderado)
35.8333333333333,38.18409,ALTO (Dañino Sensible)
1.25,3.325381,BAJO (Bueno)
5.0,5.5844126,BAJO (Bueno)
13.999999999999998,14.641081,MEDIO (Moderado)
4.58333333333333,5.039167,BAJO (Bueno)
2.75,3.330518,BAJO (Bueno)
16.8333333333333,16.191734,MEDIO (Moderado)
23.6666666666667,25.076223,MEDIO (Moderado)
24.083333333333297,25.683834,MEDIO (Moderado)
67.1666666666667,65.17094,MUY ALTO (Dañino)
7.58333333333333,8.035896,BAJO (Bueno)
0.0,1.0378499,BAJO (Bueno)
1.3333333333333302,2.374108,BAJO (Bueno)
18.3333333333333,18.540585,MEDIO (Moderado)
26.5833333333333,28.069765,MEDIO (Moderado)
18.5,19.674696,MEDIO (Moderado)
72.1666666666667,71.6561,MUY ALTO (Dañino)
28.499999999999996,30.300415,MEDIO (Moderado)
56.8333333333333,57.54933,MUY ALTO (Dañino)
54.0,56.08832,MUY ALTO (Dañino)
24.416666666666703,25.10163,MEDIO (Moderado)
5.4166666666666705,6.147057,BAJO (Bueno)
2.9166666666666696,3.9443192,BAJO (Bueno)
13.750000000000002,13.730684,MEDIO (Moderado)
5.58333333333333,6.159427,BAJO (Bueno)
5.300000000000001,6.1926026,BAJO (Bueno)
18.6666666666667,19.566425,MEDIO (Moderado)
30.3333333333333,32.48284,MEDIO (Moderado)
6.333333333333331,6.412617,BAJO (Bueno)
3.0833333333333304,4.8418593,BAJO (Bueno)
0.0,2.3600528,BAJO (Bueno)
20.8333333333333,21.902729,MEDIO (Moderado)
15.6666666666667,16.649862,MEDIO (Moderado)
0.0,1.7167782,BAJO (Bueno)
0.0,1.3027903,BAJO (Bueno)
13.999999999999998,11.794636,BAJO (Bueno)
23.3,24.113684,MEDIO (Moderado)
28.166666666666703,30.279167,MEDIO (Moderado)
8.66666666666667,8.6545,BAJO (Bueno)
27.1666666666667,28.418198,MEDIO (Moderado)
50.9166666666667,52.25845,ALTO (Dañino Sensible)
17.5,17.827929,MEDIO (Moderado)
61.1666666666667,61.310104,MUY ALTO (Dañino)
36.25,38.831688,ALTO (Dañino Sensible)
49.25,50.922203,ALTO (Dañino Sensible)
21.166666666666696,21.752779,MEDIO (Moderado)
2.58333333333333,4.1062417,BAJO (Bueno)
0.0,2.331451,BAJO (Bueno)
32.8333333333333,35.317696,MEDIO (Moderado)
9.16666666666667,9.659929,BAJO (Bueno)
17.0,17.597565,MEDIO (Moderado)
14.3333333333333,14.829191,MEDIO (Moderado)
15.9166666666667,16.679937,MEDIO (Moderado)
18.8333333333333,18.779469,MEDIO (Moderado)
10.0833333333333,10.140485,BAJO (Bueno)
63.727272727272705,63.690117,MUY ALTO (Dañino)
2.54545454545455,3.7949166,BAJO (Bueno)
13.0833333333333,13.856844,MEDIO (Moderado)
0.0,1.8654346,BAJO (Bueno)
34.1666666666667,35.07794,MEDIO (Moderado)
0.0,1.8346447,BAJO (Bueno)
54.1666666666667,52.9034,ALTO (Dañino Sensible)
54.928571428571395,56.147152,MUY ALTO (Dañino)
3.66666666666667,4.61025,BAJO (Bueno)
3.9166666666666696,4.829518,BAJO (Bueno)
4.41666666666667,5.847686,BAJO (Bueno)
0.0,1.8622139,BAJO (Bueno)
24.083333333333297,25.647705,MEDIO (Moderado)
17.9166666666667,18.171747,MEDIO (Moderado)
37.1666666666667,38.5472,ALTO (Dañino Sensible)
31.250000000000004,33.002464,MEDIO (Moderado)
10.75,11.455109,BAJO (Bueno)
18.5833333333333,19.440668,MEDIO (Moderado)
72.0,72.05007,MUY ALTO (Dañino)
1.8333333333333302,3.7907581,BAJO (Bueno)
1.16666666666667,2.8926966,BAJO (Bueno)
14.0833333333333,14.938801,MEDIO (Moderado)
17.0833333333333,17.142275,MEDIO (Moderado)
9.58333333333333,10.248963,BAJO (Bueno)
2.33333333333333,3.0371623,BAJO (Bueno)
56.75,57.640976,MUY ALTO (Dañino)
2.0,3.7557473,BAJO (Bueno)
1.91666666666667,3.915178,BAJO (Bueno)
4.16666666666667,5.649485,BAJO (Bueno)
75.8333333333333,74.8772,MUY ALTO (Dañino)
3.41666666666667,4.1479096,BAJO (Bueno)
9.75,10.323712,BAJO (Bueno)
32.3333333333333,34.077682,MEDIO (Moderado)
0.0,1.2322701,BAJO (Bueno)
4.16666666666667,5.6311164,BAJO (Bueno)
12.9166666666667,13.433585,MEDIO (Moderado)
29.5,31.512796,MEDIO (Moderado)
2.5,4.019348,BAJO (Bueno)
4.41666666666667,4.8729997,BAJO (Bueno)
25.1666666666667,24.457855,MEDIO (Moderado)
16.5,17.457354,MEDIO (Moderado)
9.0,9.074672,BAJO (Bueno)
13.1666666666667,13.512225,MEDIO (Moderado)
23.083333333333304,23.757452,MEDIO (Moderado)
6.16666666666667,6.886638,BAJO (Bueno)
0.0,1.6448667,BAJO (Bueno)
3.4999999999999996,5.181801,BAJO (Bueno)
3.75,5.2858934,BAJO (Bueno)
18.3333333333333,18.499168,MEDIO (Moderado)
31.583333333333297,33.323673,MEDIO (Moderado)
3.58333333333333,4.817793,BAJO (Bueno)
9.5,9.979359,BAJO (Bueno)
72.5,73.170395,MUY ALTO (Dañino)
76.4166666666667,77.41079,MUY ALTO (Dañino)
32.5833333333333,35.030636,MEDIO (Moderado)
0.0,0.0,BAJO (Bueno)
22.2307692307692,23.127026,MEDIO (Moderado)
26.7010582010582,28.231176,MEDIO (Moderado)
0.0,1.6179571,BAJO (Bueno)
23.4166666666667,23.70364,MEDIO (Moderado)
38.75,41.004337,ALTO (Dañino Sensible)
11.25,12.012845,MEDIO (Moderado)
3.9166666666666696,5.1053543,BAJO (Bueno)
2.08333333333333,3.9289134,BAJO (Bueno)
47.0833333333333,49.088123,ALTO (Dañino Sensible)
21.0833333333333,21.351086,MEDIO (Moderado)
17.0833333333333,17.025122,MEDIO (Moderado)
6.333333333333331,6.77663,BAJO (Bueno)
22.1666666666667,22.6156,MEDIO (Moderado)
10.166666666666702,10.175685,BAJO (Bueno)
3.75,4.8561916,BAJO (Bueno)
36.1666666666667,37.756264,ALTO (Dañino Sensible)
56.9166666666667,57.58674,MUY ALTO (Dañino)
55.25,56.015755,MUY ALTO (Dañino)
46.6666666666667,48.18585,ALTO (Dañino Sensible)
15.4166666666667,15.392574,MEDIO (Moderado)
3.58333333333333,5.019881,BAJO (Bueno)
3.9166666666666696,5.428491,BAJO (Bueno)
28.75,30.855429,MEDIO (Moderado)
37.25,38.790565,ALTO (Dañino Sensible)
57.5,57.707592,MUY ALTO (Dañino)
11.5833333333333,12.030195,MEDIO (Moderado)
5.58333333333333,6.5216975,BAJO (Bueno)
5.83333333333333,6.352727,BAJO (Bueno)
3.0,4.134514,BAJO (Bueno)
7.91666666666667,7.339791,BAJO (Bueno)
18.1666666666667,19.40588,MEDIO (Moderado)
4.5,5.0678725,BAJO (Bueno)
31.6666666666667,33.78976,MEDIO (Moderado)
5.5,6.4501276,BAJO (Bueno)
7.83333333333333,8.170134,BAJO (Bueno)
4.66666666666667,5.7899356,BAJO (Bueno)
3.9166666666666696,4.753777,BAJO (Bueno)
21.9166666666667,23.014217,MEDIO (Moderado)
9.91666666666667,10.861183,BAJO (Bueno)
39.8333333333333,42.25528,ALTO (Dañino Sensible)
12.75,13.357674,MEDIO (Moderado)
40.99999999999999,41.68405,ALTO (Dañino Sensible)
33.5833333333333,36.199345,ALTO (Dañino Sensible)
25.4166666666667,26.71188,MEDIO (Moderado)
30.5871404399323,33.061897,MEDIO (Moderado)
62.5833333333333,63.12525,MUY ALTO (Dañino)
0.0,2.300478,BAJO (Bueno)
1.16666666666667,3.3591437,BAJO (Bueno)
4.5,4.317317,BAJO (Bueno)
35.6666666666667,38.217735,ALTO (Dañino Sensible)
9.25,10.142502,BAJO (Bueno)
0.0,2.0992877,BAJO (Bueno)
16.5833333333333,17.494457,MEDIO (Moderado)
23.3333333333333,24.137806,MEDIO (Moderado)
14.0833333333333,14.881056,MEDIO (Moderado)
4.54545454545455,5.602726,BAJO (Bueno)
22.1176470588235,23.285965,MEDIO (Moderado)
10.416666666666702,11.459174,BAJO (Bueno)
31.5,33.219353,MEDIO (Moderado)
2.75,4.2577696,BAJO (Bueno)
10.6153846153846,10.704323,BAJO (Bueno)
6.5,5.9207335,BAJO (Bueno)
48.83333333333329,50.37835,ALTO (Dañino Sensible)
17.9166666666667,17.30773,MEDIO (Moderado)
5.58333333333333,6.937327,BAJO (Bueno)
56.25,56.425785,MUY ALTO (Dañino)
13.4166666666667,13.146005,MEDIO (Moderado)
69.3333333333333,69.38653,MUY ALTO (Dañino)
32.25,34.283253,MEDIO (Moderado)
6.16666666666667,7.3481593,BAJO (Bueno)
0.0,2.3415296,BAJO (Bueno)
12.7272727272727,12.80854,MEDIO (Moderado)
20.0,21.120247,MEDIO (Moderado)
20.9166666666667,21.633808,MEDIO (Moderado)
24.5833333333333,25.208117,MEDIO (Moderado)
5.666666666666669,7.3205924,BAJO (Bueno)
16.5,16.705378,MEDIO (Moderado)
18.75,18.95897,MEDIO (Moderado)
50.08333333333331,51.198605,ALTO (Dañino Sensible)
31.1666666666667,33.125816,MEDIO (Moderado)
52.8181818181818,54.286873,ALTO (Dañino Sensible)
3.66666666666667,5.2408557,BAJO (Bueno)
38.0833333333333,39.663128,ALTO (Dañino Sensible)
0.75,3.1305914,BAJO (Bueno)
2.66666666666667,3.884292,BAJO (Bueno)
30.6666666666667,32.163483,MEDIO (Moderado)
58.3333333333333,59.041058,MUY ALTO (Dañino)
3.16666666666667,4.1088004,BAJO (Bueno)
25.4166666666667,26.62479,MEDIO (Moderado)
4.33333333333333,5.6590033,BAJO (Bueno)
26.9166666666667,28.174395,MEDIO (Moderado)
8.16666666666667,8.5118685,BAJO (Bueno)
64.8333333333333,63.98854,MUY ALTO (Dañino)
1.91666666666667,3.402646,BAJO (Bueno)
6.08333333333333,7.041533,BAJO (Bueno)
2.33333333333333,5.860126,BAJO (Bueno)
6.5833333333333295,7.484291,BAJO (Bueno)
13.750000000000002,14.4745035,MEDIO (Moderado)
42.0,42.961807,ALTO (Dañino Sensible)
9.08333333333333,9.380218,BAJO (Bueno)
6.333333333333331,6.741192,BAJO (Bueno)
12.0833333333333,13.252485,MEDIO (Moderado)
1.5,3.760167,BAJO (Bueno)
7.83333333333333,5.8441873,BAJO (Bueno)
15.1666666666667,15.786687,MEDIO (Moderado)
35.25,37.84805,ALTO (Dañino Sensible)
37.25,39.29029,ALTO (Dañino Sensible)
5.72727272727273,6.7215347,BAJO (Bueno)
18.5,19.412209,MEDIO (Moderado)
14.6363636363636,14.766509,MEDIO (Moderado)
3.33333333333333,5.0391865,BAJO (Bueno)
29.5,31.310068,MEDIO (Moderado)
65.75,66.215805,MUY ALTO (Dañino)
2.66666666666667,3.3696787,BAJO (Bueno)
25.0833333333333,26.145048,MEDIO (Moderado)
12.900000000000002,13.126163,MEDIO (Moderado)
15.5,15.581348,MEDIO (Moderado)
10.666666666666698,11.842218,BAJO (Bueno)
15.75,16.896,MEDIO (Moderado)
19.8333333333333,20.90997,MEDIO (Moderado)
3.16666666666667,3.650239,BAJO (Bueno)
39.8333333333333,41.525585,ALTO (Dañino Sensible)
25.1666666666667,26.559269,MEDIO (Moderado)
17.9166666666667,18.189404,MEDIO (Moderado)
31.083333333333304,30.762245,MEDIO (Moderado)
0.0,2.4685097,BAJO (Bueno)
53.5833333333333,54.963833,ALTO (Dañino Sensible)
0.0,1.9309503,BAJO (Bueno)
2.5,3.3410552,BAJO (Bueno)
12.5833333333333,12.491332,MEDIO (Moderado)
67.3333333333333,67.99153,MUY ALTO (Dañino)
4.41666666666667,4.9936213,BAJO (Bueno)
6.41666666666667,4.0721993,BAJO (Bueno)
0.0,2.4403098,BAJO (Bueno)
4.33333333333333,5.4625793,BAJO (Bueno)
3.16666666666667,3.948303,BAJO (Bueno)
6.41666666666667,6.8019533,BAJO (Bueno)
35.8257042253521,37.343975,ALTO (Dañino Sensible)
16.4285714285714,17.933569,MEDIO (Moderado)
29.692307692307704,31.573174,MEDIO (Moderado)
7.08333333333333,8.697822,BAJO (Bueno)
30.25,32.09066,MEDIO (Moderado)
49.0833333333333,50.838333,ALTO (Dañino Sensible)
76.0,76.38991,MUY ALTO (Dañino)
14.166666666666702,14.374999,MEDIO (Moderado)
15.3333333333333,15.973039,MEDIO (Moderado)
0.0,2.3037372,BAJO (Bueno)
37.25,39.033375,ALTO (Dañino Sensible)
2.33333333333333,3.5641494,BAJO (Bueno)
49.0833333333333,50.56063,ALTO (Dañino Sensible)
1.58333333333333,2.8553798,BAJO (Bueno)
30.0833333333333,31.409489,MEDIO (Moderado)
37.5,39.80514,ALTO (Dañino Sensible)
0.0,1.9523066,BAJO (Bueno)
19.5833333333333,20.473322,MEDIO (Moderado)
48.3333333333333,49.618122,ALTO (Dañino Sensible)
3.33333333333333,4.102944,BAJO (Bueno)
13.5,14.512545,MEDIO (Moderado)
3.25,4.930467,BAJO (Bueno)
36.4166666666667,38.318623,ALTO (Dañino Sensible)
31.1666666666667,33.40888,MEDIO (Moderado)
7.4166666666666705,6.0308585,BAJO (Bueno)
34.0,35.542324,ALTO (Dañino Sensible)
5.75,6.622656,BAJO (Bueno)
61.8333333333333,62.409107,MUY ALTO (Dañino)
36.6666666666667,38.270348,ALTO (Dañino Sensible)
20.1666666666667,21.49695,MEDIO (Moderado)
13.0833333333333,13.296397,MEDIO (Moderado)
79.6666666666667,81.1103,MUY ALTO (Dañino)
13.5,14.471743,MEDIO (Moderado)
16.3636363636364,16.48011,MEDIO (Moderado)
34.8333333333333,37.064865,ALTO (Dañino Sensible)
4.16666666666667,5.3527093,BAJO (Bueno)
0.0,1.9914927,BAJO (Bueno)
69.4,68.89594,MUY ALTO (Dañino)
39.3076923076923,41.679943,ALTO (Dañino Sensible)
23.0,24.494944,MEDIO (Moderado)
4.66666666666667,5.194229,BAJO (Bueno)
20.0833333333333,20.442785,MEDIO (Moderado)
0.0,1.4305357,BAJO (Bueno)
1.41666666666667,1.3570536,BAJO (Bueno)
29.0769230769231,31.590939,MEDIO (Moderado)
4.91666666666667,5.509798,BAJO (Bueno)
12.5,13.359264,MEDIO (Moderado)
2.5,4.304943,BAJO (Bueno)
0.0,2.5192525,BAJO (Bueno)
15.4166666666667,16.248165,MEDIO (Moderado)
33.4948453608247,34.929203,MEDIO (Moderado)
9.91666666666667,10.402574,BAJO (Bueno)
5.666666666666669,6.6434684,BAJO (Bueno)
0.833333333333333,3.2043564,BAJO (Bueno)
23.0,24.012583,MEDIO (Moderado)
9.33333333333333,9.626419,BAJO (Bueno)
4.66666666666667,5.2379813,BAJO (Bueno)
15.1666666666667,15.568174,MEDIO (Moderado)
0.0,1.9284878,BAJO (Bueno)
3.0833333333333304,4.4579973,BAJO (Bueno)
25.6666666666667,24.70494,MEDIO (Moderado)
17.0,17.908905,MEDIO (Moderado)
78.3333333333333,79.58468,MUY ALTO (Dañino)
74.5,75.26379,MUY ALTO (Dañino)
5.83333333333333,6.5221763,BAJO (Bueno)
0.0,1.4260969,BAJO (Bueno)
0.0,1.1442283,BAJO (Bueno)
36.6666666666667,40.136917,ALTO (Dañino Sensible)
6.16666666666667,6.5656376,BAJO (Bueno)
3.75,4.416322,BAJO (Bueno)
3.0,3.7794626,BAJO (Bueno)
27.833333333333297,29.497097,MEDIO (Moderado)
2.33333333333333,3.6188617,BAJO (Bueno)
6.0,6.9665475,BAJO (Bueno)
33.8181818181818,35.489727,MEDIO (Moderado)
35.25,37.658356,ALTO (Dañino Sensible)
20.0,20.87951,MEDIO (Moderado)
4.75,5.8053584,BAJO (Bueno)
46.3333333333333,48.459984,ALTO (Dañino Sensible)
38.5,40.03625,ALTO (Dañino Sensible)
72.1666666666667,72.70015,MUY ALTO (Dañino)
56.0833333333333,57.22683,MUY ALTO (Dañino)
6.5833333333333295,7.7466497,BAJO (Bueno)
38.0,40.473347,ALTO (Dañino Sensible)
5.25,6.3325744,BAJO (Bueno)
13.4166666666667,13.984775,MEDIO (Moderado)
20.9285714285714,22.132174,MEDIO (Moderado)
36.3636363636364,37.69576,ALTO (Dañino Sensible)
0.0,2.315005,BAJO (Bueno)
1.58333333333333,3.1601393,BAJO (Bueno)
6.66666666666667,6.6054306,BAJO (Bueno)
3.33333333333333,3.2488441,BAJO (Bueno)
6.5,6.8566103,BAJO (Bueno)
18.9166666666667,19.944983,MEDIO (Moderado)
16.0,16.415773,MEDIO (Moderado)
5.666666666666669,6.3328342,BAJO (Bueno)
8.41666666666667,8.562912,BAJO (Bueno)
0.0,1.8649725,BAJO (Bueno)
12.6666666666667,12.843902,MEDIO (Moderado)
43.91666666666671,45.58535,ALTO (Dañino Sensible)
16.0833333333333,16.94065,MEDIO (Moderado)
22.25,23.088205,MEDIO (Moderado)
10.249999999999998,11.265223,BAJO (Bueno)
0.0,2.6118655,BAJO (Bueno)
0.0,1.8029039,BAJO (Bueno)
35.4655172413793,37.09073,ALTO (Dañino Sensible)
57.9166666666667,58.797222,MUY ALTO (Dañino)
6.41666666666667,7.753626,BAJO (Bueno)
0.0,1.8628566,BAJO (Bueno)
42.0,43.960068,ALTO (Dañino Sensible)
0.0,1.4584564,BAJO (Bueno)
0.0,1.0974597,BAJO (Bueno)
22.3333333333333,23.254118,MEDIO (Moderado)
4.25,4.8137174,BAJO (Bueno)
67.5,67.78338,MUY ALTO (Dañino)
2.08333333333333,3.0052266,BAJO (Bueno)
30.538461538461505,32.29616,MEDIO (Moderado)
26.833333333333304,28.72401,MEDIO (Moderado)
3.0,3.785809,BAJO (Bueno)
0.75,3.2369516,BAJO (Bueno)
2.0,3.8783486,BAJO (Bueno)
20.9166666666667,22.050678,MEDIO (Moderado)
0.0,2.2227917,BAJO (Bueno)
0.0,2.225644,BAJO (Bueno)
23.083333333333304,24.598236,MEDIO (Moderado)
2.08333333333333,3.9288893,BAJO (Bueno)
86.3333333333333,88.793755,MUY ALTO (Dañino)
0.0,1.266536,BAJO (Bueno)
30.25,32.11312,MEDIO (Moderado)
71.5833333333333,71.90847,MUY ALTO (Dañino)
26.6153846153846,28.018019,MEDIO (Moderado)
14.0833333333333,15.0256,MEDIO (Moderado)
54.8333333333333,55.401886,ALTO (Dañino Sensible)
28.666666666666696,30.203491,MEDIO (Moderado)
30.4166666666667,32.641235,MEDIO (Moderado)
6.83333333333333,7.9539614,BAJO (Bueno)
10.5833333333333,11.153997,BAJO (Bueno)
20.333333333333297,21.127615,MEDIO (Moderado)
0.0,1.0001575,BAJO (Bueno)
33.75,35.079384,MEDIO (Moderado)
18.5,18.635912,MEDIO (Moderado)
11.3333333333333,11.405446,BAJO (Bueno)
25.6666666666667,24.82013,MEDIO (Moderado)
28.499999999999996,30.330034,MEDIO (Moderado)
50.1666666666667,49.73994,ALTO (Dañino Sensible)
0.0,2.3318431,BAJO (Bueno)
12.4166666666667,13.580841,MEDIO (Moderado)
6.08333333333333,6.479914,BAJO (Bueno)
10.249999999999998,11.099386,BAJO (Bueno)
4.33333333333333,5.538792,BAJO (Bueno)
1.6666666666666698,2.7168057,BAJO (Bueno)
8.83333333333333,9.137761,BAJO (Bueno)
55.66666666666671,56.135513,MUY ALTO (Dañino)
0.0,2.5959928,BAJO (Bueno)
17.5,14.52848,MEDIO (Moderado)
47.50000000000001,48.63445,ALTO (Dañino Sensible)
55.9166666666667,57.194008,MUY ALTO (Dañino)
20.0,20.47887,MEDIO (Moderado)
46.4166666666667,47.24916,ALTO (Dañino Sensible)
26.4444444444444,27.19892,MEDIO (Moderado)
11.0,11.375706,BAJO (Bueno)
20.0833333333333,20.074667,MEDIO (Moderado)
0.916666666666667,2.9971962,BAJO (Bueno)
0.0,0.3499563,BAJO (Bueno)
61.27272727272731,61.62389,MUY ALTO (Dañino)
5.83333333333333,6.912868,BAJO (Bueno)
16.1666666666667,16.644,MEDIO (Moderado)
13.0833333333333,13.42803,MEDIO (Moderado)
20.5833333333333,20.854176,MEDIO (Moderado)
38.0833333333333,40.537712,ALTO (Dañino Sensible)
26.75,28.266125,MEDIO (Moderado)
21.0833333333333,21.689373,MEDIO (Moderado)
23.0,24.333178,MEDIO (Moderado)
66.75,67.004265,MUY ALTO (Dañino)
35.8333333333333,38.343224,ALTO (Dañino Sensible)
27.0,29.155851,MEDIO (Moderado)
11.5833333333333,12.560721,MEDIO (Moderado)
11.5,11.77844,BAJO (Bueno)
13.5,13.866366,MEDIO (Moderado)
19.75,19.36119,MEDIO (Moderado)
3.58333333333333,3.9461896,BAJO (Bueno)
6.08333333333333,7.466026,BAJO (Bueno)
33.6666666666667,33.942837,MEDIO (Moderado)
0.0,1.5391395,BAJO (Bueno)
17.4166666666667,18.30094,MEDIO (Moderado)
4.66666666666667,5.908185,BAJO (Bueno)
26.9166666666667,27.643003,MEDIO (Moderado)
66.75,67.41112,MUY ALTO (Dañino)
3.25,4.045824,BAJO (Bueno)
79.25,78.58876,MUY ALTO (Dañino)
3.33333333333333,4.467161,BAJO (Bueno)
18.1666666666667,18.231789,MEDIO (Moderado)
27.5833333333333,29.435528,MEDIO (Moderado)
15.0,14.857213,MEDIO (Moderado)
58.25,58.452354,MUY ALTO (Dañino)
23.0,23.8199,MEDIO (Moderado)
43.75,45.449474,ALTO (Dañino Sensible)
1.08333333333333,3.1545463,BAJO (Bueno)
0.0,1.5746523,BAJO (Bueno)
5.83333333333333,3.8537378,BAJO (Bueno)
3.83333333333333,4.450102,BAJO (Bueno)
48.6666666666667,48.76901,ALTO (Dañino Sensible)
26.1666666666667,28.198055,MEDIO (Moderado)
17.1666666666667,17.309082,MEDIO (Moderado)
3.33333333333333,4.6573915,BAJO (Bueno)
67.9166666666667,67.76645,MUY ALTO (Dañino)
8.41666666666667,9.013296,BAJO (Bueno)
21.75,23.345766,MEDIO (Moderado)
0.0,1.1523116,BAJO (Bueno)
4.91666666666667,4.60603,BAJO (Bueno)
2.0,2.8673036,BAJO (Bueno)
10.0,9.857123,BAJO (Bueno)
45.5,46.828274,ALTO (Dañino Sensible)
6.5,7.1840944,BAJO (Bueno)
2.58333333333333,3.8951073,BAJO (Bueno)
17.8333333333333,18.28074,MEDIO (Moderado)
59.4166666666667,60.182312,MUY ALTO (Dañino)
25.9230769230769,28.28683,MEDIO (Moderado)
28.9166666666667,30.513826,MEDIO (Moderado)
0.0,2.4113083,BAJO (Bueno)
30.1666666666667,31.697739,MEDIO (Moderado)
9.75,9.877379,BAJO (Bueno)
56.5108877721943,57.182934,MUY ALTO (Dañino)
6.25,6.8665085,BAJO (Bueno)
31.916666666666703,33.905178,MEDIO (Moderado)
16.0833333333333,17.0756,MEDIO (Moderado)
5.25,5.8262887,BAJO (Bueno)
4.08333333333333,5.132755,BAJO (Bueno)
1.08333333333333,2.677097,BAJO (Bueno)
1.41666666666667,3.470978,BAJO (Bueno)
50.5,51.7248,ALTO (Dañino Sensible)
35.0,36.464542,ALTO (Dañino Sensible)
6.5833333333333295,7.16736,BAJO (Bueno)
42.58333333333331,43.727577,ALTO (Dañino Sensible)
10.166666666666702,11.098799,BAJO (Bueno)
46.83333333333331,47.86103,ALTO (Dañino Sensible)
3.0,3.3744884,BAJO (Bueno)
2.83333333333333,3.9021866,BAJO (Bueno)
11.8333333333333,12.217299,MEDIO (Moderado)
20.0,20.59002,MEDIO (Moderado)
22.8333333333333,23.466047,MEDIO (Moderado)
6.16666666666667,7.5209064,BAJO (Bueno)
7.08333333333333,7.222857,BAJO (Bueno)
31.3333333333333,33.7045,MEDIO (Moderado)
0.0,1.2819828,BAJO (Bueno)
0.0,1.8616024,BAJO (Bueno)
0.833333333333333,2.87433,BAJO (Bueno)
33.3333333333333,35.048355,MEDIO (Moderado)
25.1666666666667,24.40001,MEDIO (Moderado)
25.5,27.300411,MEDIO (Moderado)
3.9166666666666696,5.567442,BAJO (Bueno)
6.5833333333333295,7.983365,BAJO (Bueno)
27.333333333333304,28.640123,MEDIO (Moderado)
3.16666666666667,4.748486,BAJO (Bueno)
0.0,2.3832529,BAJO (Bueno)
3.0833333333333304,4.610339,BAJO (Bueno)
14.5,15.411755,MEDIO (Moderado)
29.0833333333333,30.627285,MEDIO (Moderado)
4.41666666666667,5.0382185,BAJO (Bueno)
11.5833333333333,12.070407,MEDIO (Moderado)
14.666666666666698,15.058073,MEDIO (Moderado)
42.0833333333333,43.76108,ALTO (Dañino Sensible)
13.0,13.699423,MEDIO (Moderado)
3.16666666666667,3.968682,BAJO (Bueno)
8.33333333333333,8.872365,BAJO (Bueno)
11.8333333333333,12.465161,MEDIO (Moderado)
0.0,1.5917287,BAJO (Bueno)
38.75,40.250774,ALTO (Dañino Sensible)
13.0,13.478804,MEDIO (Moderado)
5.16666666666667,5.467665,BAJO (Bueno)
22.3333333333333,22.974106,MEDIO (Moderado)
20.4166666666667,21.265812,MEDIO (Moderado)
13.0,12.787853,MEDIO (Moderado)
72.75,72.65532,MUY ALTO (Dañino)
20.666666666666696,21.588528,MEDIO (Moderado)
13.333333333333302,13.885911,MEDIO (Moderado)
35.5,37.033573,ALTO (Dañino Sensible)
6.91666666666667,8.007189,BAJO (Bueno)
16.4166666666667,16.706055,MEDIO (Moderado)
11.9166666666667,12.818766,MEDIO (Moderado)
23.6666666666667,24.10022,MEDIO (Moderado)
3.75,4.41306,BAJO (Bueno)
0.0,2.2233958,BAJO (Bueno)
38.1666666666667,39.596886,ALTO (Dañino Sensible)
16.5,16.293287,MEDIO (Moderado)
45.91666666666669,47.014217,ALTO (Dañino Sensible)
2.58333333333333,4.3907967,BAJO (Bueno)
4.5,5.66499,BAJO (Bueno)
2.33333333333333,3.7598033,BAJO (Bueno)
1.8333333333333302,2.0915415,BAJO (Bueno)
25.8333333333333,27.504084,MEDIO (Moderado)
6.5,7.634055,BAJO (Bueno)
28.8333333333333,30.858309,MEDIO (Moderado)
14.3333333333333,15.345797,MEDIO (Moderado)
60.91666666666669,61.523186,MUY ALTO (Dañino)
9.75,10.452226,BAJO (Bueno)
25.6666666666667,27.725843,MEDIO (Moderado)
7.75,8.207312,BAJO (Bueno)
53.3333333333333,53.72991,ALTO (Dañino Sensible)
8.0,8.339602,BAJO (Bueno)
7.4166666666666705,7.893797,BAJO (Bueno)
46.9166666666667,48.898434,ALTO (Dañino Sensible)
0.0,0.5581382,BAJO (Bueno)
3.0833333333333304,3.722834,BAJO (Bueno)
12.8333333333333,13.418435,MEDIO (Moderado)
1.58333333333333,2.69122,BAJO (Bueno)
12.25,13.085761,MEDIO (Moderado)
13.0833333333333,14.02787,MEDIO (Moderado)
23.250000000000004,25.35833,MEDIO (Moderado)
9.75,9.74651,BAJO (Bueno)
70.0,70.75791,MUY ALTO (Dañino)
1.7499999999999998,3.3360724,BAJO (Bueno)
1.25,2.6050534,BAJO (Bueno)
0.0,1.3568406,BAJO (Bueno)
2.25,3.4786232,BAJO (Bueno)
55.4166666666667,53.9387,ALTO (Dañino Sensible)
2.58333333333333,4.342308,BAJO (Bueno)
0.0,1.6569338,BAJO (Bueno)
19.3333333333333,20.4531,MEDIO (Moderado)
3.75,5.274101,BAJO (Bueno)
46.50000000000001,48.38966,ALTO (Dañino Sensible)
5.91666666666667,6.3968163,BAJO (Bueno)
2.66666666666667,3.1205945,BAJO (Bueno)
2.5,4.01592,BAJO (Bueno)
11.5833333333333,12.263319,MEDIO (Moderado)
2.58333333333333,3.8769958,BAJO (Bueno)
1.3333333333333302,2.3534908,BAJO (Bueno)
71.4166666666667,71.66298,MUY ALTO (Dañino)
72.1666666666667,71.80986,MUY ALTO (Dañino)
2.83333333333333,4.0031624,BAJO (Bueno)
10.0,10.217216,BAJO (Bueno)
14.416666666666702,15.271377,MEDIO (Moderado)
6.5833333333333295,5.8527265,BAJO (Bueno)
2.83333333333333,3.3975356,BAJO (Bueno)
43.75,44.61307,ALTO (Dañino Sensible)
26.6666666666667,28.797989,MEDIO (Moderado)
4.75,4.725062,BAJO (Bueno)
0.0,0.6209121,BAJO (Bueno)
12.9166666666667,13.586514,MEDIO (Moderado)
24.6666666666667,25.698895,MEDIO (Moderado)
31.750000000000004,33.096653,MEDIO (Moderado)
17.3333333333333,18.902222,MEDIO (Moderado)
22.6666666666667,23.332256,MEDIO (Moderado)
28.5833333333333,29.292007,MEDIO (Moderado)
27.7448275862069,29.521511,MEDIO (Moderado)
30.3333333333333,32.798298,MEDIO (Moderado)
1.7499999999999998,3.083919,BAJO (Bueno)
14.8333333333333,15.1778555,MEDIO (Moderado)
14.416666666666702,15.325624,MEDIO (Moderado)
10.8333333333333,11.629191,BAJO (Bueno)
28.25,30.24278,MEDIO (Moderado)
11.1666666666667,12.161097,MEDIO (Moderado)
28.499999999999996,30.238785,MEDIO (Moderado)
26.3333333333333,28.366322,MEDIO (Moderado)
15.9166666666667,16.618334,MEDIO (Moderado)
4.46153846153846,6.112266,BAJO (Bueno)
10.166666666666702,10.309491,BAJO (Bueno)
14.4,14.481075,MEDIO (Moderado)
12.6666666666667,13.262085,MEDIO (Moderado)
4.58333333333333,6.2237754,BAJO (Bueno)
48.4166666666667,49.715187,ALTO (Dañino Sensible)
4.08333333333333,5.510739,BAJO (Bueno)
15.5,16.638859,MEDIO (Moderado)
41.0833333333333,42.878838,ALTO (Dañino Sensible)
18.5,18.666912,MEDIO (Moderado)
17.0769230769231,17.310131,MEDIO (Moderado)
9.16666666666667,10.296742,BAJO (Bueno)
30.0,32.33141,MEDIO (Moderado)
24.3333333333333,26.08147,MEDIO (Moderado)
42.1666666666667,43.973896,ALTO (Dañino Sensible)
29.0,30.420944,MEDIO (Moderado)
16.3333333333333,17.040215,MEDIO (Moderado)
28.75,30.675228,MEDIO (Moderado)
22.1666666666667,23.492573,MEDIO (Moderado)
19.0833333333333,19.319565,MEDIO (Moderado)
7.08333333333333,7.5024652,BAJO (Bueno)
13.750000000000002,14.503264,MEDIO (Moderado)
15.3333333333333,15.422994,MEDIO (Moderado)
1.7499999999999998,2.9414248,BAJO (Bueno)
0.0,2.399576,BAJO (Bueno)
42.91666666666671,45.055206,ALTO (Dañino Sensible)
0.0,1.7828547,BAJO (Bueno)
2.16666666666667,3.769102,BAJO (Bueno)
26.0833333333333,27.27223,MEDIO (Moderado)
0.0,1.610283,BAJO (Bueno)
2.25,4.2912583,BAJO (Bueno)
52.0,52.577213,ALTO (Dañino Sensible)
1.3333333333333302,3.0904906,BAJO (Bueno)
0.0,1.9572773,BAJO (Bueno)
4.5,5.2333355,BAJO (Bueno)
16.8461538461538,17.054182,MEDIO (Moderado)
16.75,16.844772,MEDIO (Moderado)
28.666666666666696,31.158379,MEDIO (Moderado)
48.49999999999999,50.23437,ALTO (Dañino Sensible)
28.125,30.354473,MEDIO (Moderado)
9.76923076923077,10.535978,BAJO (Bueno)
22.5,23.407028,MEDIO (Moderado)
35.25,36.99452,ALTO (Dañino Sensible)
20.9090909090909,21.41461,MEDIO (Moderado)
17.5,18.41902,MEDIO (Moderado)
54.33333333333331,55.470654,ALTO (Dañino Sensible)
38.75,39.543915,ALTO (Dañino Sensible)
13.333333333333302,13.777119,MEDIO (Moderado)
7.91666666666667,8.100235,BAJO (Bueno)
7.5,7.617973,BAJO (Bueno)
64.2727272727273,64.09872,MUY ALTO (Dañino)
21.75,23.159098,MEDIO (Moderado)
21.6666666666667,22.70968,MEDIO (Moderado)
1.3333333333333302,3.4009514,BAJO (Bueno)
49.0,50.02365,ALTO (Dañino Sensible)
3.41666666666667,4.7540126,BAJO (Bueno)
48.0,48.90139,ALTO (Dañino Sensible)
20.666666666666696,21.037123,MEDIO (Moderado)
6.83333333333333,7.660271,BAJO (Bueno)
21.5833333333333,21.75636,MEDIO (Moderado)
51.8333333333333,54.143368,ALTO (Dañino Sensible)
3.0,4.8642316,BAJO (Bueno)
3.66666666666667,4.4697056,BAJO (Bueno)
4.41666666666667,5.7728715,BAJO (Bueno)
38.3333333333333,40.626686,ALTO (Dañino Sensible)
1.41666666666667,2.2769673,BAJO (Bueno)
17.75,17.975805,MEDIO (Moderado)
27.666666666666703,29.927734,MEDIO (Moderado)
56.5833333333333,57.062077,MUY ALTO (Dañino)
30.5833333333333,32.045727,MEDIO (Moderado)
32.6153846153846,35.137337,MEDIO (Moderado)
0.0,1.8661568,BAJO (Bueno)
4.08333333333333,5.487763,BAJO (Bueno)
1.91666666666667,2.942532,BAJO (Bueno)
17.3333333333333,18.631493,MEDIO (Moderado)
2.25,4.1373253,BAJO (Bueno)
12.5833333333333,13.297432,MEDIO (Moderado)
55.1666666666667,56.41968,MUY ALTO (Dañino)
2.0,2.838532,BAJO (Bueno)
0.0,1.8551825,BAJO (Bueno)
15.5,15.684072,MEDIO (Moderado)
2.0,3.5183485,BAJO (Bueno)
41.9166666666667,44.041485,ALTO (Dañino Sensible)
18.1011804384486,18.765709,MEDIO (Moderado)
2.9166666666666696,3.7644613,BAJO (Bueno)
25.6153846153846,27.028088,MEDIO (Moderado)
48.0,47.896214,ALTO (Dañino Sensible)
13.999999999999998,12.914289,MEDIO (Moderado)
31.5,33.79101,MEDIO (Moderado)
18.4166666666667,18.35433,MEDIO (Moderado)
9.58333333333333,7.7234616,BAJO (Bueno)
15.4166666666667,16.044003,MEDIO (Moderado)
10.249999999999998,11.572851,BAJO (Bueno)
8.16666666666667,8.989677,BAJO (Bueno)
6.999999999999999,8.328376,BAJO (Bueno)
47.83333333333329,48.497025,ALTO (Dañino Sensible)
0.0,2.1290762,BAJO (Bueno)
4.5,5.426823,BAJO (Bueno)
57.3333333333333,58.11078,MUY ALTO (Dañino)
4.0,4.052674,BAJO (Bueno)
41.5833333333333,43.483093,ALTO (Dañino Sensible)
0.0,2.1062732,BAJO (Bueno)
15.3333333333333,15.208205,MEDIO (Moderado)
0.0,1.0533268,BAJO (Bueno)
21.3076923076923,22.666285,MEDIO (Moderado)
30.75,32.452717,MEDIO (Moderado)
4.91666666666667,6.169766,BAJO (Bueno)
26.6666666666667,27.912083,MEDIO (Moderado)
29.75,32.288696,MEDIO (Moderado)
33.5,35.12666,MEDIO (Moderado)
11.6666666666667,11.675457,BAJO (Bueno)
4.66666666666667,5.676549,BAJO (Bueno)
6.66666666666667,7.9665318,BAJO (Bueno)
23.6666666666667,24.653368,MEDIO (Moderado)
0.0,1.2767664,BAJO (Bueno)
23.250000000000004,24.319323,MEDIO (Moderado)
5.08333333333333,6.5882254,BAJO (Bueno)
23.750000000000004,24.109394,MEDIO (Moderado)
84.24999999999999,83.71971,MUY ALTO (Dañino)
1.8333333333333302,3.6857712,BAJO (Bueno)
4.16666666666667,4.7919374,BAJO (Bueno)
18.5,19.437748,MEDIO (Moderado)
32.3333333333333,33.819603,MEDIO (Moderado)
5.4166666666666705,6.832382,BAJO (Bueno)
6.333333333333331,7.4633584,BAJO (Bueno)
8.75,9.95489,BAJO (Bueno)
25.0,25.666126,MEDIO (Moderado)
54.5833333333333,54.32485,ALTO (Dañino Sensible)
10.8333333333333,11.154055,BAJO (Bueno)
30.9166666666667,33.25909,MEDIO (Moderado)
17.3333333333333,17.567738,MEDIO (Moderado)
0.0,1.1275322,BAJO (Bueno)
14.75,15.4054165,MEDIO (Moderado)
33.0833333333333,34.72255,MEDIO (Moderado)
9.16666666666667,9.333213,BAJO (Bueno)
27.9166666666667,30.208519,MEDIO (Moderado)
9.0,8.309917,BAJO (Bueno)
19.25,19.341246,MEDIO (Moderado)
9.33333333333333,9.595959,BAJO (Bueno)
61.4166666666667,62.88078,MUY ALTO (Dañino)
90.16666666666669,94.17503,MUY ALTO (Dañino)
37.75,38.13797,ALTO (Dañino Sensible)
2.75,4.568837,BAJO (Bueno)
41.3333333333333,43.157867,ALTO (Dañino Sensible)
0.0,2.1366057,BAJO (Bueno)
48.9285714285714,49.76277,ALTO (Dañino Sensible)
0.0,2.2893207,BAJO (Bueno)
13.9166666666667,13.732213,MEDIO (Moderado)
17.0833333333333,17.659147,MEDIO (Moderado)
4.91666666666667,6.285156,BAJO (Bueno)
14.5833333333333,15.525437,MEDIO (Moderado)
28.166666666666703,30.37002,MEDIO (Moderado)
36.8333333333333,39.09008,ALTO (Dañino Sensible)
13.4166666666667,13.38312,MEDIO (Moderado)
55.0833333333333,53.981876,ALTO (Dañino Sensible)
24.083333333333297,24.886177,MEDIO (Moderado)
4.25,5.224759,BAJO (Bueno)
6.08333333333333,6.468497,BAJO (Bueno)
51.8333333333333,53.04,ALTO (Dañino Sensible)
3.58333333333333,4.6600156,BAJO (Bueno)
13.0,13.950232,MEDIO (Moderado)
1.7499999999999998,3.7093036,BAJO (Bueno)
44.91666666666669,46.77699,ALTO (Dañino Sensible)
1.8333333333333302,3.9429424,BAJO (Bueno)
15.6363636363636,16.52579,MEDIO (Moderado)
35.9166666666667,38.021954,ALTO (Dañino Sensible)
8.66666666666667,9.719454,BAJO (Bueno)
4.0,5.4779224,BAJO (Bueno)
6.83333333333333,7.9368854,BAJO (Bueno)
13.4166666666667,14.09416,MEDIO (Moderado)
2.75,3.6790962,BAJO (Bueno)
0.0,1.4844657,BAJO (Bueno)
13.833333333333298,13.809413,MEDIO (Moderado)
3.9166666666666696,5.659684,BAJO (Bueno)
7.25,7.891794,BAJO (Bueno)
45.24999999999999,46.765156,ALTO (Dañino Sensible)
4.75,3.7279181,BAJO (Bueno)
6.66666666666667,7.854416,BAJO (Bueno)
17.4166666666667,17.35564,MEDIO (Moderado)
19.8333333333333,20.934546,MEDIO (Moderado)
18.9166666666667,19.04619,MEDIO (Moderado)
23.250000000000004,24.696476,MEDIO (Moderado)
13.9166666666667,14.161836,MEDIO (Moderado)
57.25,57.25653,MUY ALTO (Dañino)
0.0,1.5290872,BAJO (Bueno)
26.0833333333333,27.307924,MEDIO (Moderado)
6.75,7.8716726,BAJO (Bueno)
2.75,4.3187623,BAJO (Bueno)
4.33333333333333,5.8435793,BAJO (Bueno)
10.416666666666702,9.731807,BAJO (Bueno)
25.0,26.555145,MEDIO (Moderado)
30.5833333333333,31.88445,MEDIO (Moderado)
6.5833333333333295,6.7726607,BAJO (Bueno)
24.249999999999996,25.290417,MEDIO (Moderado)
32.25,34.079105,MEDIO (Moderado)
26.6666666666667,27.9103,MEDIO (Moderado)
1.6666666666666698,2.6111145,BAJO (Bueno)
21.7692307692308,23.190805,MEDIO (Moderado)
74.6666666666667,74.49193,MUY ALTO (Dañino)
75.25,75.34572,MUY ALTO (Dañino)
2.16666666666667,3.08778,BAJO (Bueno)
7.75,6.7687874,BAJO (Bueno)
4.16666666666667,5.5589666,BAJO (Bueno)
17.4166666666667,17.362677,MEDIO (Moderado)
1.5,2.5172558,BAJO (Bueno)
11.1666666666667,12.496806,MEDIO (Moderado)
28.75,31.241802,MEDIO (Moderado)
22.9166666666667,23.451662,MEDIO (Moderado)
21.9166666666667,22.481413,MEDIO (Moderado)
0.0,2.1306458,BAJO (Bueno)
30.1666666666667,31.380453,MEDIO (Moderado)
2.0,3.8777661,BAJO (Bueno)
33.0,33.82447,MEDIO (Moderado)
9.75,10.382517,BAJO (Bueno)
11.0833333333333,11.883291,BAJO (Bueno)
17.3333333333333,18.005795,MEDIO (Moderado)
3.41666666666667,3.3357017,BAJO (Bueno)
10.75,11.006277,BAJO (Bueno)
9.0,9.30898,BAJO (Bueno)
9.25,9.41399,BAJO (Bueno)
76.0,76.76489,MUY ALTO (Dañino)
17.9166666666667,18.246769,MEDIO (Moderado)
15.0833333333333,15.7483425,MEDIO (Moderado)
21.25,18.23539,MEDIO (Moderado)
7.5,8.260766,BAJO (Bueno)
28.0833333333333,27.384363,MEDIO (Moderado)
19.25,20.222208,MEDIO (Moderado)
0.0,1.4555148,BAJO (Bueno)
7.58333333333333,7.8043084,BAJO (Bueno)
9.66666666666667,10.242336,BAJO (Bueno)
7.91666666666667,8.703312,BAJO (Bueno)
53.0,54.281986,ALTO (Dañino Sensible)
42.0833333333333,43.777054,ALTO (Dañino Sensible)
8.58333333333333,9.101353,BAJO (Bueno)
8.83333333333333,8.942965,BAJO (Bueno)
17.1666666666667,17.131773,MEDIO (Moderado)
30.0833333333333,32.016792,MEDIO (Moderado)
30.6666666666667,31.10379,MEDIO (Moderado)
0.0,2.1440656,BAJO (Bueno)
21.6666666666667,22.720997,MEDIO (Moderado)
19.8333333333333,16.330923,MEDIO (Moderado)
33.2883959044369,35.007576,MEDIO (Moderado)
2.5,3.4997232,BAJO (Bueno)
3.33333333333333,3.3234324,BAJO (Bueno)
6.38461538461539,7.6014214,BAJO (Bueno)
24.8333333333333,26.655104,MEDIO (Moderado)
1.08333333333333,2.8142762,BAJO (Bueno)
3.58333333333333,4.3541646,BAJO (Bueno)
6.08333333333333,7.32112,BAJO (Bueno)
33.1666666666667,35.079254,MEDIO (Moderado)
20.2307692307692,21.438267,MEDIO (Moderado)
10.416666666666702,10.842631,BAJO (Bueno)
24.5833333333333,26.417492,MEDIO (Moderado)
50.1666666666667,49.90287,ALTO (Dañino Sensible)
49.0,51.31499,ALTO (Dañino Sensible)
3.25,3.95091,BAJO (Bueno)
19.0833333333333,19.616873,MEDIO (Moderado)
22.9166666666667,24.029919,MEDIO (Moderado)
24.749999999999996,26.343182,MEDIO (Moderado)
34.5833333333333,36.318836,ALTO (Dañino Sensible)
27.0,28.866669,MEDIO (Moderado)
3.0,4.665085,BAJO (Bueno)
35.75,37.139904,ALTO (Dañino Sensible)
7.08333333333333,7.4949837,BAJO (Bueno)
6.72727272727273,7.752815,BAJO (Bueno)
19.5,20.095861,MEDIO (Moderado)
52.08333333333329,53.261158,ALTO (Dañino Sensible)
19.0,18.94557,MEDIO (Moderado)
4.25,4.9939485,BAJO (Bueno)
57.75,59.888474,MUY ALTO (Dañino)
0.0,1.5610013,BAJO (Bueno)
23.083333333333304,24.02876,MEDIO (Moderado)
2.66666666666667,4.3435826,BAJO (Bueno)
5.0,5.9784284,BAJO (Bueno)
27.0833333333333,28.830011,MEDIO (Moderado)
29.5833333333333,31.946257,MEDIO (Moderado)
24.461538461538503,25.654808,MEDIO (Moderado)
16.0,15.805452,MEDIO (Moderado)
3.4999999999999996,3.88888,BAJO (Bueno)
15.5833333333333,16.40194,MEDIO (Moderado)
35.2222222222222,34.44835,MEDIO (Moderado)
1.5,2.8100734,BAJO (Bueno)
35.3333333333333,37.939358,ALTO (Dañino Sensible)
5.58333333333333,6.7701883,BAJO (Bueno)
11.6666666666667,12.508014,MEDIO (Moderado)
32.6666666666667,34.56894,MEDIO (Moderado)
13.9166666666667,16.028137,MEDIO (Moderado)
2.83333333333333,4.669206,BAJO (Bueno)
0.0,2.3850052,BAJO (Bueno)
17.3333333333333,17.630377,MEDIO (Moderado)
35.5833333333333,37.936195,ALTO (Dañino Sensible)
45.39999999999999,47.339134,ALTO (Dañino Sensible)
32.2307692307692,34.14783,MEDIO (Moderado)
45.91666666666669,47.574867,ALTO (Dañino Sensible)
19.3333333333333,19.357185,MEDIO (Moderado)
20.25,20.42649,MEDIO (Moderado)
20.499999999999996,21.656088,MEDIO (Moderado)
11.5833333333333,12.447702,MEDIO (Moderado)
32.5,34.194492,MEDIO (Moderado)
4.33333333333333,4.816989,BAJO (Bueno)
4.0,4.448561,BAJO (Bueno)
2.08333333333333,4.1288233,BAJO (Bueno)
0.0,1.2541825,BAJO (Bueno)
25.4166666666667,27.06895,MEDIO (Moderado)
8.08333333333333,8.395947,BAJO (Bueno)
45.0833333333333,47.16048,ALTO (Dañino Sensible)
68.0,67.193985,MUY ALTO (Dañino)
15.25,15.064676,MEDIO (Moderado)
24.8333333333333,25.585876,MEDIO (Moderado)
70.0833333333333,69.719376,MUY ALTO (Dañino)
4.41666666666667,5.9943514,BAJO (Bueno)
13.999999999999998,14.434624,MEDIO (Moderado)
41.25,43.74448,ALTO (Dañino Sensible)
5.75,6.8207364,BAJO (Bueno)
58.6666666666667,59.586285,MUY ALTO (Dañino)
10.166666666666702,10.822647,BAJO (Bueno)
5.25,5.536202,BAJO (Bueno)
1.5,2.2304754,BAJO (Bueno)
66.5833333333333,66.637184,MUY ALTO (Dañino)
22.1666666666667,23.58937,MEDIO (Moderado)
2.83333333333333,4.125971,BAJO (Bueno)
4.58333333333333,5.1655354,BAJO (Bueno)
56.5,57.526936,MUY ALTO (Dañino)
36.5833333333333,37.410786,ALTO (Dañino Sensible)
8.41666666666667,8.815551,BAJO (Bueno)
12.25,13.002526,MEDIO (Moderado)
5.0,5.9242673,BAJO (Bueno)
17.5,17.623,MEDIO (Moderado)
31.250000000000004,33.93221,MEDIO (Moderado)
20.9166666666667,21.909441,MEDIO (Moderado)
21.75,23.056862,MEDIO (Moderado)
52.25,53.967937,ALTO (Dañino Sensible)
0.0,1.3921007,BAJO (Bueno)
89.1666666666667,92.40787,MUY ALTO (Dañino)
7.25,8.358157,BAJO (Bueno)
19.5,19.769526,MEDIO (Moderado)
21.5,22.646122,MEDIO (Moderado)
4.46153846153846,4.8768525,BAJO (Bueno)
16.9166666666667,16.977049,MEDIO (Moderado)
3.66666666666667,4.359542,BAJO (Bueno)
17.25,18.44595,MEDIO (Moderado)
18.1666666666667,18.188726,MEDIO (Moderado)
68.1666666666667,68.41719,MUY ALTO (Dañino)
0.0,1.4594289,BAJO (Bueno)
20.499999999999996,21.917389,MEDIO (Moderado)
2.25,3.9093096,BAJO (Bueno)
21.0,22.255163,MEDIO (Moderado)
15.5833333333333,14.84749,MEDIO (Moderado)
14.5,14.684593,MEDIO (Moderado)
14.249999999999998,15.10963,MEDIO (Moderado)
9.41666666666667,9.991629,BAJO (Bueno)
8.16666666666667,6.824074,BAJO (Bueno)
4.08333333333333,5.6445217,BAJO (Bueno)
56.75,57.6134,MUY ALTO (Dañino)
0.0,1.4469767,BAJO (Bueno)
0.0,1.376276,BAJO (Bueno)
14.75,15.571542,MEDIO (Moderado)
5.666666666666669,6.846442,BAJO (Bueno)
6.08333333333333,6.777812,BAJO (Bueno)
10.416666666666702,11.620901,BAJO (Bueno)
6.08333333333333,6.8441987,BAJO (Bueno)
80.5833333333333,81.40339,MUY ALTO (Dañino)
22.3333333333333,23.045376,MEDIO (Moderado)
0.666666666666667,3.0270426,BAJO (Bueno)
14.0833333333333,14.938314,MEDIO (Moderado)
0.0,2.3641713,BAJO (Bueno)
3.9166666666666696,5.0281014,BAJO (Bueno)
18.5833333333333,19.398165,MEDIO (Moderado)
52.08333333333329,53.276917,ALTO (Dañino Sensible)
4.41666666666667,5.988163,BAJO (Bueno)
3.0833333333333304,4.722099,BAJO (Bueno)
0.0,1.9082435,BAJO (Bueno)
11.1666666666667,12.351134,MEDIO (Moderado)
14.9166666666667,14.759911,MEDIO (Moderado)
0.0,1.984772,BAJO (Bueno)
14.8333333333333,15.491246,MEDIO (Moderado)
0.0,2.371311,BAJO (Bueno)
0.0,1.7556201,BAJO (Bueno)
13.3,13.867153,MEDIO (Moderado)
1.91666666666667,2.9737,BAJO (Bueno)
68.25,69.02179,MUY ALTO (Dañino)
37.4166666666667,38.404564,ALTO (Dañino Sensible)
2.16666666666667,3.330152,BAJO (Bueno)
4.66666666666667,6.083905,BAJO (Bueno)
0.0,2.0429456,BAJO (Bueno)
18.1666666666667,18.324116,MEDIO (Moderado)
4.66666666666667,5.0896645,BAJO (Bueno)
9.84615384615385,9.722715,BAJO (Bueno)
3.41666666666667,4.8115993,BAJO (Bueno)
20.8333333333333,21.499458,MEDIO (Moderado)
9.75,9.869631,BAJO (Bueno)
35.2996515679443,37.385963,ALTO (Dañino Sensible)
17.8333333333333,18.862032,MEDIO (Moderado)
71.8333333333333,72.73051,MUY ALTO (Dañino)
38.6666666666667,40.957367,ALTO (Dañino Sensible)
1.5,3.5688097,BAJO (Bueno)
0.583333333333333,1.9611745,BAJO (Bueno)
62.875,63.66316,MUY ALTO (Dañino)
1.3333333333333302,3.5051596,BAJO (Bueno)
16.1666666666667,15.9077835,MEDIO (Moderado)
3.33333333333333,4.011556,BAJO (Bueno)
45.4166666666667,46.645992,ALTO (Dañino Sensible)
29.8333333333333,31.71292,MEDIO (Moderado)
3.16666666666667,4.9931808,BAJO (Bueno)
18.25,18.301397,MEDIO (Moderado)
4.58333333333333,6.1930046,BAJO (Bueno)
22.3333333333333,23.83428,MEDIO (Moderado)
27.999999999999996,29.952818,MEDIO (Moderado)
22.1666666666667,22.864244,MEDIO (Moderado)
21.0,22.057276,MEDIO (Moderado)
2.25,3.3060732,BAJO (Bueno)
30.6142322097378,31.92652,MEDIO (Moderado)
16.9166666666667,17.685017,MEDIO (Moderado)
3.83333333333333,5.375789,BAJO (Bueno)
1.3333333333333302,2.2712622,BAJO (Bueno)
15.4166666666667,15.709805,MEDIO (Moderado)
36.25,38.17303,ALTO (Dañino Sensible)
71.1666666666667,71.38041,MUY ALTO (Dañino)
6.41666666666667,6.6558003,BAJO (Bueno)
19.6666666666667,19.835848,MEDIO (Moderado)
35.25,37.297806,ALTO (Dañino Sensible)
16.5555555555556,17.1442,MEDIO (Moderado)
37.0833333333333,38.949448,ALTO (Dañino Sensible)
5.33333333333333,6.4162807,BAJO (Bueno)
32.0,34.335182,MEDIO (Moderado)
23.8333333333333,24.738731,MEDIO (Moderado)
48.272727272727295,49.300213,ALTO (Dañino Sensible)
1.8333333333333302,8.458869,BAJO (Bueno)
5.666666666666669,6.084485,BAJO (Bueno)
1.16666666666667,2.8276937,BAJO (Bueno)
12.3333333333333,13.148034,MEDIO (Moderado)
63.25,63.1438,MUY ALTO (Dañino)
27.500000000000004,29.344599,MEDIO (Moderado)
11.1666666666667,12.424182,MEDIO (Moderado)
2.66666666666667,4.1414104,BAJO (Bueno)
21.0,21.317007,MEDIO (Moderado)
9.41666666666667,9.277475,BAJO (Bueno)
30.5454545454545,31.406082,MEDIO (Moderado)
28.25,27.237143,MEDIO (Moderado)
14.5833333333333,14.760508,MEDIO (Moderado)
6.08333333333333,6.595472,BAJO (Bueno)
1.8333333333333302,3.204295,BAJO (Bueno)
4.25,5.852267,BAJO (Bueno)
64.0833333333333,62.82225,MUY ALTO (Dañino)
14.5833333333333,14.553807,MEDIO (Moderado)
25.5833333333333,26.731377,MEDIO (Moderado)
24.749999999999996,25.549753,MEDIO (Moderado)
50.0,51.140446,ALTO (Dañino Sensible)
4.41666666666667,5.837114,BAJO (Bueno)
41.06902356902359,42.581806,ALTO (Dañino Sensible)
17.1666666666667,17.694757,MEDIO (Moderado)
12.6666666666667,13.441734,MEDIO (Moderado)
25.3333333333333,26.332703,MEDIO (Moderado)
12.4166666666667,12.58902,MEDIO (Moderado)
3.58333333333333,4.6137333,BAJO (Bueno)
5.91666666666667,7.2018547,BAJO (Bueno)
2.25,4.7772093,BAJO (Bueno)
10.0,10.142767,BAJO (Bueno)
20.499999999999996,21.578688,MEDIO (Moderado)
24.916666666666696,26.33427,MEDIO (Moderado)
2.41666666666667,3.429481,BAJO (Bueno)
8.91666666666667,9.901729,BAJO (Bueno)
2.16666666666667,2.9779534,BAJO (Bueno)
26.5833333333333,27.345758,MEDIO (Moderado)
0.0,1.7993461,BAJO (Bueno)
9.16666666666667,9.363538,BAJO (Bueno)
6.92307692307692,8.0553055,BAJO (Bueno)
16.0833333333333,15.699487,MEDIO (Moderado)
36.9166666666667,39.045143,ALTO (Dañino Sensible)
36.6666666666667,38.924458,ALTO (Dañino Sensible)
8.41666666666667,9.18719,BAJO (Bueno)
19.4166666666667,20.081741,MEDIO (Moderado)
4.5,6.0399694,BAJO (Bueno)
19.5,20.554333,MEDIO (Moderado)
14.3333333333333,15.187117,MEDIO (Moderado)
28.166666666666703,28.257019,MEDIO (Moderado)
11.3333333333333,12.325597,MEDIO (Moderado)
4.5,6.0858984,BAJO (Bueno)
0.0,1.2857163,BAJO (Bueno)
1.16666666666667,2.6349983,BAJO (Bueno)
52.3333333333333,52.98222,ALTO (Dañino Sensible)
2.16666666666667,3.1227512,BAJO (Bueno)
21.25,22.755627,MEDIO (Moderado)
22.1666666666667,23.191267,MEDIO (Moderado)
65.0909090909091,65.81752,MUY ALTO (Dañino)
1.0,2.414351,BAJO (Bueno)
2.75,4.8602047,BAJO (Bueno)
21.25,21.758484,MEDIO (Moderado)
29.6904761904762,31.981926,MEDIO (Moderado)
4.0,5.456696,BAJO (Bueno)
1.25,0.54598564,BAJO (Bueno)
65.1666666666667,63.952595,MUY ALTO (Dañino)
30.3333333333333,32.89894,MEDIO (Moderado)
29.25,31.315727,MEDIO (Moderado)
1.8333333333333302,4.0211387,BAJO (Bueno)
29.6666666666667,31.041504,MEDIO (Moderado)
4.58333333333333,4.1197143,BAJO (Bueno)
51.9166666666667,52.10502,ALTO (Dañino Sensible)
2.83333333333333,3.593554,BAJO (Bueno)
21.0,21.49649,MEDIO (Moderado)
21.75,22.64306,MEDIO (Moderado)
23.916666666666703,25.706081,MEDIO (Moderado)
3.0833333333333304,3.7262259,BAJO (Bueno)
21.4166666666667,22.70927,MEDIO (Moderado)
2.75,4.437495,BAJO (Bueno)
14.75,14.70387,MEDIO (Moderado)
10.166666666666702,11.19611,BAJO (Bueno)
9.5,9.54627,BAJO (Bueno)
1.91666666666667,3.353552,BAJO (Bueno)
20.8333333333333,21.239086,MEDIO (Moderado)
0.0,1.4203559,BAJO (Bueno)
29.5833333333333,31.924713,MEDIO (Moderado)
8.66666666666667,8.763133,BAJO (Bueno)
24.1666666666667,24.855618,MEDIO (Moderado)
7.666666666666669,8.6561365,BAJO (Bueno)
9.75,10.348807,BAJO (Bueno)
20.272727272727302,21.047447,MEDIO (Moderado)
20.1666666666667,20.866177,MEDIO (Moderado)
6.83333333333333,8.382291,BAJO (Bueno)
3.41666666666667,4.843872,BAJO (Bueno)
27.75,30.05233,MEDIO (Moderado)
28.8333333333333,29.711288,MEDIO (Moderado)
3.0833333333333304,4.617144,BAJO (Bueno)
4.91666666666667,6.2841277,BAJO (Bueno)
19.0,19.97353,MEDIO (Moderado)
12.5,12.812922,MEDIO (Moderado)
43.4166666666667,45.45757,ALTO (Dañino Sensible)
17.75,18.666653,MEDIO (Moderado)
55.9166666666667,55.940937,MUY ALTO (Dañino)
34.1666666666667,35.857925,ALTO (Dañino Sensible)
2.9166666666666696,3.5867815,BAJO (Bueno)
20.1666666666667,21.8387,MEDIO (Moderado)
0.0,2.251521,BAJO (Bueno)
29.625000000000004,31.102095,MEDIO (Moderado)
8.58333333333333,8.637924,BAJO (Bueno)
1.91666666666667,3.4600205,BAJO (Bueno)
62.4166666666667,60.87244,MUY ALTO (Dañino)
3.41666666666667,3.4229455,BAJO (Bueno)
13.0833333333333,14.211331,MEDIO (Moderado)
59.6666666666667,60.55189,MUY ALTO (Dañino)
11.5,11.920963,BAJO (Bueno)
1.6666666666666698,3.4688525,BAJO (Bueno)
3.58333333333333,5.1676493,BAJO (Bueno)
10.5,10.859642,BAJO (Bueno)
80.75,82.191956,MUY ALTO (Dañino)
3.0,4.171401,BAJO (Bueno)
6.83333333333333,7.1968575,BAJO (Bueno)
15.8333333333333,16.161097,MEDIO (Moderado)
2.0,3.7833452,BAJO (Bueno)
16.5833333333333,17.650108,MEDIO (Moderado)
10.249999999999998,10.994482,BAJO (Bueno)
0.0,8.413569,BAJO (Bueno)
42.75,44.193596,ALTO (Dañino Sensible)
0.0,2.0393252,BAJO (Bueno)
19.0,19.880062,MEDIO (Moderado)
0.0,2.4601858,BAJO (Bueno)
0.0,1.2490962,BAJO (Bueno)
10.3333333333333,10.907901,BAJO (Bueno)
31.0,32.8019,MEDIO (Moderado)
9.25,7.721956,BAJO (Bueno)
2.63636363636364,4.3708124,BAJO (Bueno)
14.785714285714299,14.889175,MEDIO (Moderado)
3.41666666666667,4.9061813,BAJO (Bueno)
27.9166666666667,30.169779,MEDIO (Moderado)
3.4999999999999996,3.4729326,BAJO (Bueno)
54.4166666666667,55.168884,ALTO (Dañino Sensible)
6.999999999999999,7.731475,BAJO (Bueno)
19.25,19.498762,MEDIO (Moderado)
6.5,7.278306,BAJO (Bueno)
19.0833333333333,18.486286,MEDIO (Moderado)
44.75,46.956738,ALTO (Dañino Sensible)
19.1666666666667,19.915436,MEDIO (Moderado)
4.16666666666667,4.550425,BAJO (Bueno)
21.9166666666667,22.674166,MEDIO (Moderado)
63.5833333333333,63.313927,MUY ALTO (Dañino)
2.08333333333333,3.9194171,BAJO (Bueno)
54.5,55.01291,ALTO (Dañino Sensible)
34.9166666666667,36.733616,ALTO (Dañino Sensible)
42.8333333333333,45.08418,ALTO (Dañino Sensible)
22.4166666666667,23.057673,MEDIO (Moderado)
7.75,7.4813557,BAJO (Bueno)
43.6666666666667,45.54204,ALTO (Dañino Sensible)
21.3333333333333,22.005072,MEDIO (Moderado)
11.6666666666667,12.574374,MEDIO (Moderado)
30.9166666666667,33.4823,MEDIO (Moderado)
4.5,5.039771,BAJO (Bueno)
3.66666666666667,5.1195974,BAJO (Bueno)
0.0,2.0387862,BAJO (Bueno)
7.83333333333333,8.151705,BAJO (Bueno)
68.25,68.82828,MUY ALTO (Dañino)
2.58333333333333,4.391622,BAJO (Bueno)
11.6666666666667,12.56307,MEDIO (Moderado)
27.4166666666667,28.730085,MEDIO (Moderado)
65.6666666666667,65.46732,MUY ALTO (Dañino)
5.91666666666667,6.13913,BAJO (Bueno)
5.83333333333333,6.112572,BAJO (Bueno)
22.1666666666667,23.098595,MEDIO (Moderado)
8.08333333333333,8.116165,BAJO (Bueno)
6.5833333333333295,7.749211,BAJO (Bueno)
3.33333333333333,3.382326,BAJO (Bueno)
7.63636363636364,8.363783,BAJO (Bueno)
16.9166666666667,17.67715,MEDIO (Moderado)
14.8333333333333,15.980996,MEDIO (Moderado)
10.0,9.882533,BAJO (Bueno)
2.25,3.6458075,BAJO (Bueno)
1.0,3.2519627,BAJO (Bueno)
9.08333333333333,10.292236,BAJO (Bueno)
19.9166666666667,20.198116,MEDIO (Moderado)
14.0833333333333,14.978071,MEDIO (Moderado)
7.08333333333333,7.529257,BAJO (Bueno)
9.83333333333333,10.806131,BAJO (Bueno)
34.25,31.482464,MEDIO (Moderado)
11.75,11.834985,BAJO (Bueno)
25.25,28.090204,MEDIO (Moderado)
12.5833333333333,13.051351,MEDIO (Moderado)
30.9166666666667,32.770668,MEDIO (Moderado)
10.285714285714302,10.743527,BAJO (Bueno)
0.0,2.1703277,BAJO (Bueno)
0.0,2.6909347,BAJO (Bueno)
72.1,71.796906,MUY ALTO (Dañino)
2.8,3.6620991,BAJO (Bueno)
74.25,75.00253,MUY ALTO (Dañino)
7.08333333333333,7.393344,BAJO (Bueno)
0.0,1.4966712,BAJO (Bueno)
5.75,7.396307,BAJO (Bueno)
6.5833333333333295,7.0651374,BAJO (Bueno)
37.0833333333333,38.63239,ALTO (Dañino Sensible)
21.0,21.89727,MEDIO (Moderado)
0.0,1.9329554,BAJO (Bueno)
23.8333333333333,25.251324,MEDIO (Moderado)
6.5,7.625777,BAJO (Bueno)
22.6666666666667,23.26864,MEDIO (Moderado)
19.5833333333333,20.286852,MEDIO (Moderado)
10.166666666666702,10.974912,BAJO (Bueno)
6.5833333333333295,7.01329,BAJO (Bueno)
10.5,11.500915,BAJO (Bueno)
0.0,1.242929,BAJO (Bueno)
0.0,2.325569,BAJO (Bueno)
24.5833333333333,25.91878,MEDIO (Moderado)
0.0,1.8204737,BAJO (Bueno)
1.91666666666667,3.5783396,BAJO (Bueno)
6.5833333333333295,6.88164,BAJO (Bueno)
18.75,18.926748,MEDIO (Moderado)
22.5,25.140415,MEDIO (Moderado)
20.0833333333333,20.891008,MEDIO (Moderado)
64.0,63.947178,MUY ALTO (Dañino)
5.08333333333333,5.4617724,BAJO (Bueno)
11.5833333333333,12.924674,MEDIO (Moderado)
80.8333333333333,82.287796,MUY ALTO (Dañino)
6.75,6.8424873,BAJO (Bueno)
0.0,1.5841726,BAJO (Bueno)
4.08333333333333,5.508221,BAJO (Bueno)
4.33333333333333,4.884618,BAJO (Bueno)
79.0,76.89698,MUY ALTO (Dañino)
24.5,25.513159,MEDIO (Moderado)
45.5,47.109978,ALTO (Dañino Sensible)
3.25,3.8676898,BAJO (Bueno)
8.33333333333333,7.8571024,BAJO (Bueno)
4.66666666666667,5.005834,BAJO (Bueno)
36.0833333333333,36.31874,ALTO (Dañino Sensible)
5.5,6.544587,BAJO (Bueno)
13.583333333333298,13.9407835,MEDIO (Moderado)
4.66666666666667,5.377628,BAJO (Bueno)
51.6429872495446,52.55844,ALTO (Dañino Sensible)
33.25,35.530647,ALTO (Dañino Sensible)
0.0,1.9885126,BAJO (Bueno)
10.416666666666702,11.190648,BAJO (Bueno)
18.0,18.537966,MEDIO (Moderado)
53.9166666666667,54.64811,ALTO (Dañino Sensible)
27.9090909090909,28.797169,MEDIO (Moderado)
16.5384615384615,16.856369,MEDIO (Moderado)
5.83333333333333,4.9075475,BAJO (Bueno)
5.0,6.094386,BAJO (Bueno)
2.08333333333333,3.0693269,BAJO (Bueno)
16.5,17.730879,MEDIO (Moderado)
1.0,2.8120618,BAJO (Bueno)
37.8333333333333,39.559654,ALTO (Dañino Sensible)
24.249999999999996,25.072977,MEDIO (Moderado)
11.9166666666667,11.21302,BAJO (Bueno)
0.0,1.5909463,BAJO (Bueno)
20.9166666666667,22.034012,MEDIO (Moderado)
2.25,4.104464,BAJO (Bueno)
16.0833333333333,16.23573,MEDIO (Moderado)
5.0,5.6416044,BAJO (Bueno)
0.0,1.569513,BAJO (Bueno)
18.1666666666667,18.885355,MEDIO (Moderado)
17.1666666666667,18.177507,MEDIO (Moderado)
24.5833333333333,26.441439,MEDIO (Moderado)
2.66666666666667,3.4921465,BAJO (Bueno)
71.9166666666667,72.551956,MUY ALTO (Dañino)
19.75,19.994854,MEDIO (Moderado)
24.416666666666703,25.969378,MEDIO (Moderado)
2.58333333333333,4.057682,BAJO (Bueno)
4.58333333333333,5.297874,BAJO (Bueno)
21.5833333333333,21.89624,MEDIO (Moderado)
13.6666666666667,14.746334,MEDIO (Moderado)
24.5833333333333,25.184973,MEDIO (Moderado)
21.166666666666696,21.38715,MEDIO (Moderado)
27.4545454545455,29.153952,MEDIO (Moderado)
7.666666666666669,8.10135,BAJO (Bueno)
33.25,35.702744,ALTO (Dañino Sensible)
60.8333333333333,61.18846,MUY ALTO (Dañino)
1.3333333333333302,3.1293323,BAJO (Bueno)
24.249999999999996,24.988438,MEDIO (Moderado)
31.7950963222417,33.19067,MEDIO (Moderado)
11.9166666666667,12.079275,MEDIO (Moderado)
1.41666666666667,2.5902998,BAJO (Bueno)
61.6153846153846,60.74549,MUY ALTO (Dañino)
22.75,23.337965,MEDIO (Moderado)
18.4166666666667,18.678371,MEDIO (Moderado)
55.66666666666671,56.98358,MUY ALTO (Dañino)
64.8333333333333,64.613434,MUY ALTO (Dañino)
19.0833333333333,19.66582,MEDIO (Moderado)
58.4166666666667,59.55432,MUY ALTO (Dañino)
10.5833333333333,11.545906,BAJO (Bueno)
53.1666666666667,52.80231,ALTO (Dañino Sensible)
25.6666666666667,27.384514,MEDIO (Moderado)
28.25,30.550627,MEDIO (Moderado)
2.08333333333333,3.0754602,BAJO (Bueno)
0.0,2.0313168,BAJO (Bueno)
24.249999999999996,25.181887,MEDIO (Moderado)
43.6666666666667,44.766293,ALTO (Dañino Sensible)
5.58333333333333,6.2387023,BAJO (Bueno)
15.75,15.753542,MEDIO (Moderado)
1.58333333333333,2.6779132,BAJO (Bueno)
20.499999999999996,21.261215,MEDIO (Moderado)
56.4166666666667,57.133472,MUY ALTO (Dañino)
19.5833333333333,19.78842,MEDIO (Moderado)
26.5833333333333,28.431524,MEDIO (Moderado)
4.0,4.619592,BAJO (Bueno)
1.3333333333333302,3.0824,BAJO (Bueno)
4.0,5.2680106,BAJO (Bueno)
15.5,16.59659,MEDIO (Moderado)
0.0,2.174427,BAJO (Bueno)
3.33333333333333,4.9044747,BAJO (Bueno)
5.58333333333333,7.082984,BAJO (Bueno)
